100000000000,0.0,0.0,0.0,0.0,0.0,0.2018522839454928,0.23792263780777195,0.9286141181477092
200000000000,0.0,0.0,0.0,0.0,0.0,0.07079642710499467,0.09365312757326559,0.9258593131183684
300000000024,0.0,0.0,0.0,0.0,0.0,0.026958319921665235,0.04070698306425999,0.9351416593486337
400000000176,0.0,0.0,0.0,0.0,0.0,0.01057783580590909,0.018253179089090067,0.9516448754867468
500000000288,0.0,0.0,0.0,0.0,0.0,0.0042759481031733795,0.008258901429494342,0.9584363635352635
600000000352,0.0,0.0,0.0,0.0,0.0,0.0017343330188218536,0.003736131949593447,0.9746837617614723
700000000484,0.0,0.0,0.0,0.0,0.0,0.0007125090063245557,0.0017880845076262116,0.9673205332810515
800000000616,0.0,0.0,0.0,0.0,0.0,0.0002976178514197033,0.000856990251885082,0.9591422558680536
900000000628,0.0,0.0,0.0,0.0,0.0,0.0001247949807731246,0.0004017278903945086,0.9393022826610847
1000000000716,0.0,0.0,0.0,0.0,0.0,5.26653205312129e-05,0.00019103543286847537,0.9388258996402679
1100000000744,0.0,0.0,0.0,0.0,0.0,2.2194149089310014e-05,9.053940682462741e-05,0.9439449335708556
1200000000764,0.0,0.0,0.0,0.0,0.0,9.440290064353992e-06,4.346354666007216e-05,0.9456998244647828
1300000000784,0.0,0.0,0.0,0.0,0.0,3.995323039468867e-06,2.086254770636744e-05,0.952148505549163
1400000000848,0.0,0.0,0.0,0.0,0.0,1.6946712028288776e-06,9.96017884080244e-06,0.9647496261326771
1500000000856,0.0,0.0,0.0,0.0,0.0,7.265492620405422e-07,4.830103904521729e-06,0.9577423031133917
1600000000856,0.0,0.0,0.0,0.0,0.0,3.116976344469949e-07,2.3559219092020745e-06,0.9405914557561053
1700000000912,0.0,0.0,0.0,0.0,0.0,1.3382007733167563e-07,1.1658623266234546e-06,0.9358916008900234
1800000001096,0.0,0.0,0.0,0.0,0.0,5.740659736734202e-08,5.634437901059193e-07,0.9332315653693435
1900000001100,0.0,0.0,0.0,0.0,0.0,2.4772421759842317e-08,2.6838669903597934e-07,0.9393022826610847
2000000001288,0.0,0.0,0.0,0.0,0.0,1.061643016504278e-08,1.319337757079942e-07,0.9402665342404589
2100000001360,0.0,0.0,0.0,0.0,0.0,4.559661977584473e-09,6.485860393556143e-08,0.9464179743908662
2200000001516,0.0,0.0,0.0,0.0,0.0,1.973051679799478e-09,3.1321144185170646e-08,0.9464179743908662
2300000001532,0.0,0.0,0.0,0.0,0.0,8.540116316007431e-10,1.5037410465681932e-08,0.9449911065900793
2400000001588,0.0,0.0,0.0,0.0,0.0,3.6945729210564673e-10,7.477855815939648e-09,0.9295680222776129
2500000001660,0.0,0.0,0.0,0.0,0.0,1.5955002990028088e-10,3.699748756905053e-09,0.9268759375361094
2600000001696,0.0,0.0,0.0,0.0,0.0,6.9375482333412e-11,1.8140756255125991e-09,0.9295680222776129
2700000001880,0.0,0.0,0.0,0.0,0.0,2.993870428073507e-11,8.860784949759245e-10,0.9323683416107192
2800000002088,0.0,0.0,0.0,0.0,0.0,1.2920936353000092e-11,4.2857571378548077e-10,0.9396219757522075
2900000002172,0.0,0.0,0.0,0.0,0.0,5.620891595651804e-12,2.1091981024345493e-10,0.942243680072398
3000000002208,0.0,0.0,0.0,0.0,0.0,2.447312542719881e-12,1.0420907733379568e-10,0.9396219757522075
3100000002260,0.0,0.0,0.0,0.0,0.0,1.0622572148711643e-12,5.060445800782621e-11,0.9290213477985798
3200000002344,0.0,0.0,0.0,0.0,0.0,4.610391099841509e-13,2.4616591941183735e-11,0.9232672462079756
3300000002532,0.0,0.0,0.0,0.0,0.0,2.010633956396742e-13,1.2347887019650296e-11,0.9222673201536178
3400000002548,0.0,0.0,0.0,0.0,0.0,8.711499563602856e-14,6.193583513521311e-12,0.9253077508893466
3500000002704,0.0,0.0,0.0,0.0,0.0,3.775048720340161e-14,2.9950166473116666e-12,0.924792371657597
3600000002848,0.0,0.0,0.0,0.0,0.0,1.646903999031203e-14,1.463453241311408e-12,0.9317989864216498
3700000002916,0.0,0.0,0.0,0.0,0.0,7.187825406543768e-15,7.220959971401751e-13,0.932942577685951
3800000003112,0.0,0.0,0.0,0.0,0.0,3.1313599066685837e-15,3.565494545864949e-13,0.9323683416107192
3900000003244,0.0,0.0,0.0,0.0,0.0,1.361743133914211e-15,1.7434652085445758e-13,0.9212802540736247
4000000003432,0.0,0.0,0.0,0.0,0.0,5.960871359476116e-16,8.45462811269119e-14,0.9207913930308479
4100000003484,0.0,0.0,0.0,0.0,0.0,2.5851343160350613e-16,4.219436930890076e-14,0.9169854379375161
4200000003544,0.0,0.0,0.0,0.0,0.0,1.1243702136615878e-16,2.1075303234545488e-14,0.9203055701028053
4300000003692,0.0,0.0,0.0,0.0,0.0,4.9140727471751193e-17,1.0468861256732425e-14,0.9258267534210538
4400000003772,0.0,0.0,0.0,0.0,0.0,2.149046961794817e-17,5.160118601069255e-15,0.9274062806955211
4500000003908,0.0,0.0,0.0,0.0,0.0,9.387831532914718e-18,2.4940895490336264e-15,0.9222673201536178
4600000004040,0.0,0.0,0.0,0.0,0.0,4.088240749215568e-18,1.2460436887659882e-15,0.9222673201536178
4700000004180,0.0,0.0,0.0,0.0,0.0,1.791581299742932e-18,6.188874976277277e-16,0.9137948648205594
4800000004320,0.0,0.0,0.0,0.0,0.0,7.782359064215972e-19,3.028443847197002e-16,0.912905061879697
4900000004320,0.0,0.0,0.0,0.0,0.0,3.390032732657984e-19,1.46382088347581e-16,0.9137948648205594
5000000004492,0.0,0.0,0.0,0.0,0.0,1.4854265034392392e-19,7.404942971746387e-17,0.9137948648205594
5100000004528,0.0,0.0,0.0,0.0,0.0,6.510801546163354e-20,3.700480533768629e-17,0.9183915793830312
5200000004692,0.0,0.0,0.0,0.0,0.0,2.8430272591269837e-20,1.812872278379353e-17,0.9212802540736247
5300000004744,0.0,0.0,0.0,0.0,0.0,1.2405929517299702e-20,8.964567772115923e-18,0.9222673201536178
5400000004872,0.0,0.0,0.0,0.0,0.0,5.440544775097482e-21,4.390042009816477e-18,0.9111526093689312
5500000004992,0.0,0.0,0.0,0.0,0.0,2.3695813223940928e-21,2.1667534286222016e-18,0.9077491513451789
5600000004996,0.0,0.0,0.0,0.0,0.0,1.0334897036674935e-21,1.070387487445121e-18,0.9069180657713063
5700000005112,0.0,0.0,0.0,0.0,0.0,4.522727475089498e-22,5.243025859696376e-19,0.9102894293217598
5800000005232,0.0,0.0,0.0,0.0,0.0,1.9902860698015451e-22,2.6101391323078023e-19,0.912905061879697
5900000005332,0.0,0.0,0.0,0.0,0.0,8.686606590370358e-23,1.301033761597377e-19,0.9165220626315069
6000000005464,0.0,0.0,0.0,0.0,0.0,3.798816407189798e-23,6.584385932251773e-20,0.9120244006842477
6100000005532,0.0,0.0,0.0,0.0,0.0,1.666849928390299e-23,3.2301951157875893e-20,0.9102894293217598
6200000005716,0.0,0.0,0.0,0.0,0.0,7.269828674969102e-24,1.5691215455717178e-20,0.9036666954249821
6300000005920,0.0,0.0,0.0,0.0,0.0,3.1738132747554006e-24,7.796463620908491e-21,0.9028711796900138
6400000006040,0.0,0.0,0.0,0.0,0.0,1.3893618805714545e-24,3.883850295118455e-21,0.9044689664722391
6500000006144,0.0,0.0,0.0,0.0,0.0,6.121096378222474e-25,1.9060724833604644e-21,0.9044689664722391
6600000006280,0.0,0.0,0.0,0.0,0.0,2.67424163838007e-25,9.302553437651566e-22,0.9077491513451789
6700000006408,0.0,0.0,0.0,0.0,0.0,1.17049436293918e-25,4.6753175937609035e-22,0.9120244006842477
6800000006572,0.0,0.0,0.0,0.0,0.0,5.141410874015238e-26,2.340148311077037e-22,0.9120244006842477
6900000006740,0.0,0.0,0.0,0.0,0.0,2.243637374543948e-26,1.1658179143686822e-22,0.90208225459827
7000000006804,0.0,0.0,0.0,0.0,0.0,9.800355005744747e-27,5.741530165273977e-23,0.8982311681203087
7100000006932,0.0,0.0,0.0,0.0,0.0,4.2913102522244675e-27,2.8022435745289214e-23,0.8989893910429374
7200000007048,0.0,0.0,0.0,0.0,0.0,1.891994617679921e-27,1.3976411487461234e-23,0.9012997620881069
7300000007104,0.0,0.0,0.0,0.0,0.0,8.271831942068797e-28,6.971480619496891e-24,0.90208225459827
7400000007128,0.0,0.0,0.0,0.0,0.0,3.625701953539849e-28,3.422013870617265e-24,0.9052781645017932
7500000007224,0.0,0.0,0.0,0.0,0.0,1.59385943874581e-28,1.6658613450904097e-24,0.9036666954249821
7600000007248,0.0,0.0,0.0,0.0,0.0,6.957382985069399e-29,8.456171365982339e-25,0.90208225459827
7700000007444,0.0,0.0,0.0,0.0,0.0,3.0398533069732145e-29,4.271717228232388e-25,0.8952543405422471
7800000007552,0.0,0.0,0.0,0.0,0.0,1.3322241852234018e-29,2.0846478800186906e-25,0.8937979179924613
7900000007696,0.0,0.0,0.0,0.0,0.0,5.8807799288510605e-30,1.0269848628698018e-25,0.8952543405422471
8000000007704,0.0,0.0,0.0,0.0,0.0,2.5707076522269048e-30,5.100420000206004e-26,0.8959903794563514
8100000007888,0.0,0.0,0.0,0.0,0.0,1.1278529874343461e-30,2.5273441749300835e-26,0.9005235503397742
8200000008088,0.0,0.0,0.0,0.0,0.0,4.956540503944613e-31,1.2501231677738601e-26,0.9036666954249821
8300000008152,0.0,0.0,0.0,0.0,0.0,2.1663722510390163e-31,6.099362947475763e-27,0.9005235503397742
8400000008236,0.0,0.0,0.0,0.0,0.0,9.476299360894174e-32,3.0596845826551133e-27,0.8930773210718974
8500000008272,0.0,0.0,0.0,0.0,0.0,4.1515976735636153e-32,1.5342065001131243e-27,0.8902433705619641
8600000008444,0.0,0.0,0.0,0.0,0.0,1.833317843381501e-32,7.69341513270614e-28,0.8902433705619641
8700000008488,0.0,0.0,0.0,0.0,0.0,8.011199519434663e-33,3.8048953267004676e-28,0.8916508494324791
8800000008672,0.0,0.0,0.0,0.0,0.0,3.519930859823886e-33,1.8543060042357102e-28,0.8916508494324791
8900000008760,0.0,0.0,0.0,0.0,0.0,1.5480020581626393e-33,9.298060044650282e-29,0.8945235562182204
9000000008924,0.0,0.0,0.0,0.0,0.0,6.781529441265854e-34,4.6328753945337885e-29,0.8959903794563514
9100000009096,0.0,0.0,0.0,0.0,0.0,2.9623011388946837e-34,2.2696644749144459e-29,0.8945235562182204
9200000009216,0.0,0.0,0.0,0.0,0.0,1.2982071653551057e-34,1.106255181550729e-29,0.8861278937515444
9300000009384,0.0,0.0,0.0,0.0,0.0,5.735952304531271e-35,5.607406701871302e-30,0.8861278937515444
9400000009520,0.0,0.0,0.0,0.0,0.0,2.5109390841262867e-35,2.805626267343403e-30,0.8861278937515444
9500000009536,0.0,0.0,0.0,0.0,0.0,1.1019400298315819e-35,1.3911326957287754e-30,0.8888541627681966
9600000009568,0.0,0.0,0.0,0.0,0.0,4.84927560582603e-36,6.898119637350234e-31,0.8916508494324791
9700000009720,0.0,0.0,0.0,0.0,0.0,2.1278369977857557e-36,3.385556673050799e-31,0.8930773210718974
9800000009724,0.0,0.0,0.0,0.0,0.0,9.286998650225834e-37,1.6797768760368456e-31,0.8916508494324791
9900000009756,0.0,0.0,0.0,0.0,0.0,4.067506380335543e-37,8.365596657154843e-32,0.8874825491406633
10000000009768,0.0,0.0,0.0,0.0,0.0,1.7996012495322927e-37,4.1023849366508313e-32,0.8821598636253973
10100000009832,0.0,0.0,0.0,0.0,0.0,7.880709118488486e-38,2.037244548373937e-32,0.8808673898817219
10200000010020,0.0,0.0,0.0,0.0,0.0,3.458877185308086e-38,1.0250125618239085e-32,0.88346709887824
10300000010164,0.0,0.0,0.0,0.0,0.0,1.521920269267981e-38,5.19434463454607e-33,0.88346709887824
10400000010224,0.0,0.0,0.0,0.0,0.0,6.688601731519873e-39,2.547101857243547e-33,0.8861278937515444
10500000010328,0.0,0.0,0.0,0.0,0.0,2.919526788154384e-39,1.2508999659820664e-33,0.8888541627681966
10600000010468,0.0,0.0,0.0,0.0,0.0,1.2778565187877619e-39,6.247076785225512e-34,0.8874825491406633
10700000010564,0.0,0.0,0.0,0.0,0.0,5.655474021500522e-40,3.110012278924686e-34,0.8808673898817219
10800000010772,0.0,0.0,0.0,0.0,0.0,2.4822697645963583e-40,1.5309335071785697e-34,0.8808673898817219
10900000010776,0.0,0.0,0.0,0.0,0.0,1.089550040008083e-40,7.473786644817923e-35,0.8783248501010348
11000000010852,0.0,0.0,0.0,0.0,0.0,4.790816906369472e-41,3.763479588131965e-35,0.8808673898817219
11100000010868,0.0,0.0,0.0,0.0,0.0,2.1071530779256316e-41,1.8933391235788664e-35,0.88346709887824
11200000011052,0.0,0.0,0.0,0.0,0.0,9.19803707872282e-42,9.43226008385291e-36,0.88346709887824
11300000011168,0.0,0.0,0.0,0.0,0.0,4.0270830169258534e-42,4.662357995448043e-36,0.8808673898817219
11400000011336,0.0,0.0,0.0,0.0,0.0,1.780600298792699e-42,2.2962118029126007e-36,0.8808673898817219
11500000011456,0.0,0.0,0.0,0.0,0.0,7.834777662307699e-43,1.1465929108775353e-36,0.8758359663834102
11600000011560,0.0,0.0,0.0,0.0,0.0,3.434821759973666e-43,5.712973878779357e-37,0.874610644047094
11700000011660,0.0,0.0,0.0,0.0,0.0,1.5133143965386908e-43,2.81533818401107e-37,0.8770739066451536
11800000011740,0.0,0.0,0.0,0.0,0.0,6.651258604209311e-44,1.3745526927232965e-37,0.8758359663834102
11900000011764,0.0,0.0,0.0,0.0,0.0,2.90413258838623e-44,6.978585759025365e-38,0.8783248501010348
12000000011776,0.0,0.0,0.0,0.0,0.0,1.2718124298119828e-44,3.5249073990359857e-38,0.8808673898817219
12100000011824,0.0,0.0,0.0,0.0,0.0,5.616523714493604e-45,1.7262509676964127e-38,0.8795892021606619
12200000011992,0.0,0.0,0.0,0.0,0.0,2.475563402356684e-45,8.575525580946887e-39,0.874610644047094
12300000012184,0.0,0.0,0.0,0.0,0.0,1.0855682894296016e-45,4.2518573719354225e-39,0.8710068059616419
12400000012216,0.0,0.0,0.0,0.0,0.0,4.7839355346312264e-46,2.1061252444283183e-39,0.8710068059616419
12500000012416,0.0,0.0,0.0,0.0,0.0,2.1036252075251662e-46,1.042262464870803e-39,0.8733975731335364
12600000012416,0.0,0.0,0.0,0.0,0.0,9.189428342460873e-47,5.117662945635654e-40,0.8721964046496513
12700000012440,0.0,0.0,0.0,0.0,0.0,4.020327627544449e-47,2.5564873793185255e-40,0.8783248501010348
12800000012540,0.0,0.0,0.0,0.0,0.0,1.776705701367518e-47,1.2865513595675539e-40,0.8770739066451536
12900000012704,0.0,0.0,0.0,0.0,0.0,7.827039655263508e-48,6.485887284797662e-41,0.8733975731335364
13000000012864,0.0,0.0,0.0,0.0,0.0,3.433850809955562e-48,3.1999435815446743e-41,0.8686610629910666
13100000012936,0.0,0.0,0.0,0.0,0.0,1.5124543820772907e-48,1.5664507218764489e-41,0.8675043261644575
13200000013136,0.0,0.0,0.0,0.0,0.0,6.6667635708526134e-49,7.860871403181143e-42,0.8675043261644575
13300000013224,0.0,0.0,0.0,0.0,0.0,2.908616661203137e-49,3.948779588923419e-42,0.8686610629910666
13400000013240,0.0,0.0,0.0,0.0,0.0,1.2730773809009295e-49,1.9279781010084537e-42,0.8710068059616419
13500000013300,0.0,0.0,0.0,0.0,0.0,5.624478879930691e-50,9.429743129451345e-43,0.874610644047094
13600000013472,0.0,0.0,0.0,0.0,0.0,2.4776692260385317e-50,4.7640778818994166e-43,0.8721964046496513
13700000013492,0.0,0.0,0.0,0.0,0.0,1.0885399300532253e-50,2.3934120735506637e-43,0.8686610629910666
13800000013680,0.0,0.0,0.0,0.0,0.0,4.79191098554579e-51,1.191874058545125e-43,0.8663579723327346
13900000013788,0.0,0.0,0.0,0.0,0.0,2.1126289869939462e-51,5.918007475068759e-44,0.8640953645659925
14000000013928,0.0,0.0,0.0,0.0,0.0,9.234675239990593e-52,2.9012835040384184e-44,0.8663579723327346
14100000014068,0.0,0.0,0.0,0.0,0.0,4.038722665130822e-52,1.4456040160954284e-44,0.8663579723327346
14200000014272,0.0,0.0,0.0,0.0,0.0,1.7841979812469823e-52,7.220790752074184e-45,0.8675043261644575
14300000014336,0.0,0.0,0.0,0.0,0.0,7.861062702007515e-53,3.555906207156795e-45,0.8698284597401094
14400000014472,0.0,0.0,0.0,0.0,0.0,3.4542887625947194e-53,1.7515925092097814e-45,0.8675043261644575
14500000014620,0.0,0.0,0.0,0.0,0.0,1.5186555331015711e-53,8.892665947726586e-46,0.8618712493148954
14600000014776,0.0,0.0,0.0,0.0,0.0,6.706354662914752e-54,4.492721371442598e-46,0.8607730483541458
14700000014832,0.0,0.0,0.0,0.0,0.0,2.931963539627021e-54,2.207787244155313e-46,0.8607730483541458
14800000014932,0.0,0.0,0.0,0.0,0.0,1.2828031777378735e-54,1.084697413879354e-46,0.8618712493148954
14900000014960,0.0,0.0,0.0,0.0,0.0,5.667999056036843e-55,5.40301336964927e-47,0.8652217364328819
15000000015080,0.0,0.0,0.0,0.0,0.0,2.495239073827429e-55,2.6993016038422015e-47,0.8663579723327346
15100000015248,0.0,0.0,0.0,0.0,0.0,1.0977025260509594e-55,1.3275725623673163e-47,0.8652217364328819
15200000015260,0.0,0.0,0.0,0.0,0.0,4.820824997910288e-56,6.529422358949765e-48,0.8618712493148954
15300000015364,0.0,0.0,0.0,0.0,0.0,2.1302401997653434e-56,3.290383282331878e-48,0.8575313125805435
15400000015536,0.0,0.0,0.0,0.0,0.0,9.323809756155073e-57,1.651667666924238e-48,0.8575313125805435
15500000015608,0.0,0.0,0.0,0.0,0.0,4.0760089748168965e-57,8.258541049033234e-49,0.8596837951986661
15600000015632,0.0,0.0,0.0,0.0,0.0,1.8021136408124195e-57,4.102200437450248e-49,0.8607730483541458
15700000015716,0.0,0.0,0.0,0.0,0.0,7.930773731823799e-58,2.0074378019151887e-49,0.8618712493148954
15800000015876,0.0,0.0,0.0,0.0,0.0,3.492825704035837e-58,1.0082450861665473e-49,0.8640953645659925
15900000016008,0.0,0.0,0.0,0.0,0.0,1.5345550562348579e-58,5.024470503716603e-50,0.8629786133491464
16000000016132,0.0,0.0,0.0,0.0,0.0,6.781891794907525e-59,2.4831436068561503e-50,0.8554122386518873
16100000016260,0.0,0.0,0.0,0.0,0.0,2.96586294743942e-59,1.2081085918886376e-50,0.8554122386518873
16200000016324,0.0,0.0,0.0,0.0,0.0,1.2980127138878715e-59,6.159698491478607e-51,0.8554122386518873
16300000016328,0.0,0.0,0.0,0.0,0.0,5.731209826908415e-60,3.106953998723082e-51,0.8554122386518873
16400000016340,0.0,0.0,0.0,0.0,0.0,2.524395739325365e-60,1.5307169304518923e-51,0.8607730483541458
16500000016500,0.0,0.0,0.0,0.0,0.0,1.1122000646464567e-60,7.612189711059978e-52,0.8607730483541458
16600000016648,0.0,0.0,0.0,0.0,0.0,4.887037175832645e-61,3.744039092138426e-52,0.8575313125805435
16700000016692,0.0,0.0,0.0,0.0,0.0,2.160081285628116e-61,1.8660751928943564e-52,0.8564676926175818
16800000016740,0.0,0.0,0.0,0.0,0.0,9.445392546660653e-62,9.271313959038047e-53,0.8512686236882057
16900000016944,0.0,0.0,0.0,0.0,0.0,4.1312743192970385e-62,4.563677330071143e-53,0.8522931278293477
17000000017004,0.0,0.0,0.0,0.0,0.0,1.82657528023829e-62,2.2797366547320493e-53,0.8533251244763562
17100000017176,0.0,0.0,0.0,0.0,0.0,8.046413709713698e-63,1.141632806478147e-53,0.8522931278293477
17200000017184,0.0,0.0,0.0,0.0,0.0,3.5463961274380704e-63,5.796123042011362e-54,0.8543647730245356
17300000017280,0.0,0.0,0.0,0.0,0.0,1.5569580881835538e-63,2.867280350432173e-54,0.8575313125805435
17400000017480,0.0,0.0,0.0,0.0,0.0,6.88260671375328e-64,1.3966988507231738e-54,0.8554122386518873
17500000017600,0.0,0.0,0.0,0.0,0.0,3.0099170472088937e-64,7.006775256660106e-55,0.8512686236882057
17600000017616,0.0,0.0,0.0,0.0,0.0,1.3169703089425044e-64,3.514260480111811e-55,0.8492414825936422
17700000017632,0.0,0.0,0.0,0.0,0.0,5.822009776887674e-65,1.7313511001590095e-55,0.8492414825936422
17800000017724,0.0,0.0,0.0,0.0,0.0,2.5624866198256345e-65,8.471545597348057e-56,0.8512686236882057
17900000017856,0.0,0.0,0.0,0.0,0.0,1.1300772816446472e-65,4.283627543146704e-56,0.8533251244763562
18000000017992,0.0,0.0,0.0,0.0,0.0,4.966745648139416e-66,2.1512284803775093e-56,0.8533251244763562
18100000018128,0.0,0.0,0.0,0.0,0.0,2.195814017744713e-66,1.0713925058667435e-56,0.8492414825936422
18200000018208,0.0,0.0,0.0,0.0,0.0,9.599133987080406e-67,5.315132091104559e-57,0.8512686236882057
18300000018364,0.0,0.0,0.0,0.0,0.0,4.2025550301625805e-67,2.6162538152939326e-57,0.8472425314680088
18400000018364,0.0,0.0,0.0,0.0,0.0,1.8571356700473472e-67,1.3056083092664343e-57,0.8472425314680088
18500000018496,0.0,0.0,0.0,0.0,0.0,8.18283126052949e-68,6.521957234145515e-58,0.8472425314680088
18600000018628,0.0,0.0,0.0,0.0,0.0,3.6108383870051824e-68,3.212002671845483e-58,0.8492414825936422
18700000018748,0.0,0.0,0.0,0.0,0.0,1.5848145494645837e-68,1.581904314217894e-58,0.8492414825936422
18800000018832,0.0,0.0,0.0,0.0,0.0,6.996936428433358e-69,8.03922197693944e-59,0.8512686236882057
18900000018996,0.0,0.0,0.0,0.0,0.0,3.0620629864077534e-69,4.075578166421878e-59,0.8512686236882057
19000000019128,0.0,0.0,0.0,0.0,0.0,1.3420373410564522e-69,1.9945484528632455e-59,0.8472425314680088
19100000019320,0.0,0.0,0.0,0.0,0.0,5.931131043298136e-70,9.847760223885156e-60,0.8414042249785036
19200000019436,0.0,0.0,0.0,0.0,0.0,2.6123246919186798e-70,4.912540002848683e-60,0.8414042249785036
19300000019644,0.0,0.0,0.0,0.0,0.0,1.1522872871787857e-70,2.4482446304418976e-60,0.8433248948770123
19400000019768,0.0,0.0,0.0,0.0,0.0,5.057930919529928e-71,1.2094228134288852e-60,0.8452706768768004
19500000019968,0.0,0.0,0.0,0.0,0.0,2.233280986554485e-71,5.93372795275615e-61,0.8492414825936422
19600000020172,0.0,0.0,0.0,0.0,0.0,9.779199031166177e-72,2.9820273786003958e-61,0.8472425314680088
19700000020280,0.0,0.0,0.0,0.0,0.0,4.284316677434351e-72,1.5030657932711205e-61,0.8433248948770123
19800000020368,0.0,0.0,0.0,0.0,0.0,1.8926986440315514e-72,7.5576288031147835e-62,0.8414042249785036
19900000020452,0.0,0.0,0.0,0.0,0.0,8.3451851755115e-73,3.7556989839764974e-62,0.8395077647640237
20000000020504,0.0,0.0,0.0,0.0,0.0,3.674157520882588e-73,1.8301590530360698e-62,0.8414042249785036
20100000020604,0.0,0.0,0.0,0.0,0.0,1.615276325255903e-73,9.202640691587094e-63,0.8414042249785036
20200000020652,0.0,0.0,0.0,0.0,0.0,7.13621888777725e-74,4.609340383389684e-63,0.8433248948770123
20300000020704,0.0,0.0,0.0,0.0,0.0,3.126647611792825e-74,2.2705701388181477e-63,0.8452706768768004
20400000020868,0.0,0.0,0.0,0.0,0.0,1.3712617238547724e-74,1.1059666072362795e-63,0.8452706768768004
20500000020980,0.0,0.0,0.0,0.0,0.0,6.046534267009686e-75,5.6465478367249604e-64,0.8395077647640237
20600000021044,0.0,0.0,0.0,0.0,0.0,2.667536983266118e-75,2.8366553429316107e-64,0.8376346650821477
20700000021108,0.0,0.0,0.0,0.0,0.0,1.1756933124908703e-75,1.4028969922624602e-64,0.8376346650821477
20800000021176,0.0,0.0,0.0,0.0,0.0,5.164091136257738e-76,6.975747121862277e-65,0.8395077647640237
20900000021196,0.0,0.0,0.0,0.0,0.0,2.2794258875805656e-76,3.439880347353138e-65,0.8395077647640237
21000000021208,0.0,0.0,0.0,0.0,0.0,1.0002530365482108e-76,1.7096430253655144e-65,0.8414042249785036
21100000021252,0.0,0.0,0.0,0.0,0.0,4.3850429063688485e-77,8.501297068938278e-66,0.8414042249785036
21200000021252,0.0,0.0,0.0,0.0,0.0,1.9337248165827845e-77,4.190249387729516e-66,0.8395077647640237
21300000021408,0.0,0.0,0.0,0.0,0.0,8.540007206765641e-78,2.0949310888563696e-66,0.835784125740261
21400000021436,0.0,0.0,0.0,0.0,0.0,3.756861786416714e-78,1.0520082894982985e-66,0.8339553916354345
21500000021600,0.0,0.0,0.0,0.0,0.0,1.6519018366883475e-78,5.3532524378716425e-67,0.835784125740261
21600000021620,0.0,0.0,0.0,0.0,0.0,7.302761363544593e-79,2.6412943760944632e-67,0.835784125740261
21700000021732,0.0,0.0,0.0,0.0,0.0,3.200123999277098e-79,1.288626967129951e-67,0.8376346650821477
21800000021828,0.0,0.0,0.0,0.0,0.0,1.4023328723837716e-79,6.458680908249496e-68,0.8395077647640237
21900000021956,0.0,0.0,0.0,0.0,0.0,6.19358824445838e-80,3.233995135900579e-68,0.8376346650821477
22000000022000,0.0,0.0,0.0,0.0,0.0,2.7314927693436656e-80,1.5949392710821796e-68,0.8339553916354345
22100000022208,0.0,0.0,0.0,0.0,0.0,1.203474564466483e-80,7.827553675003032e-69,0.8339553916354345
22200000022308,0.0,0.0,0.0,0.0,0.0,5.286915076255192e-81,3.942645668245834e-69,0.832147749269964
22300000022512,0.0,0.0,0.0,0.0,0.0,2.336273923161089e-81,1.9849103981881474e-69,0.8339553916354345
22400000022548,0.0,0.0,0.0,0.0,0.0,1.0238461552722227e-81,9.944223923020496e-70,0.8339553916354345
22500000022568,0.0,0.0,0.0,0.0,0.0,4.493532279154718e-82,4.918968786606818e-70,0.835784125740261
22600000022608,0.0,0.0,0.0,0.0,0.0,1.9828242018694514e-82,2.420145852353012e-70,0.835784125740261
22700000022664,0.0,0.0,0.0,0.0,0.0,8.745247653210608e-83,1.212506802906895e-70,0.835784125740261
22800000022856,0.0,0.0,0.0,0.0,0.0,3.855241080590818e-83,6.062894658003978e-71,0.8303605236058333
22900000023008,0.0,0.0,0.0,0.0,0.0,1.6929109851470003e-83,2.99036215646739e-71,0.8303605236058333
23000000023124,0.0,0.0,0.0,0.0,0.0,7.47411245772008e-84,1.4634176427641292e-71,0.8303605236058333
23100000023256,0.0,0.0,0.0,0.0,0.0,3.2756683850828167e-84,7.447905058419865e-72,0.832147749269964
23200000023364,0.0,0.0,0.0,0.0,0.0,1.4391543283341887e-84,3.7775895449711443e-72,0.832147749269964
23300000023540,0.0,0.0,0.0,0.0,0.0,6.347748443093457e-85,1.8532543052711283e-72,0.8339553916354345
23400000023696,0.0,0.0,0.0,0.0,0.0,2.8067196214240566e-85,9.17250763797968e-73,0.832147749269964
23500000023844,0.0,0.0,0.0,0.0,0.0,1.2331569483864104e-85,4.573362939981309e-73,0.8303605236058333
23600000024008,0.0,0.0,0.0,0.0,0.0,5.428652034247224e-86,2.274697346658935e-73,0.8285930752186466
23700000024188,0.0,0.0,0.0,0.0,0.0,2.3957005047116638e-86,1.1291838183896517e-73,0.8285930752186466
23800000024356,0.0,0.0,0.0,0.0,0.0,1.051055511919027e-86,5.534513652610953e-74,0.8285930752186466
23900000024504,0.0,0.0,0.0,0.0,0.0,4.61580874114794e-87,2.7826476236838004e-74,0.8268447977168981
24000000024708,0.0,0.0,0.0,0.0,0.0,2.0310664040743465e-87,1.4011308053144283e-74,0.8303605236058333
24100000024872,0.0,0.0,0.0,0.0,0.0,8.994310641427966e-88,7.062006736837036e-75,0.832147749269964
24200000024872,0.0,0.0,0.0,0.0,0.0,3.950037805811857e-88,3.4955202616680164e-75,0.832147749269964
24300000025028,0.0,0.0,0.0,0.0,0.0,1.7390067070412986e-88,1.7108328072129423e-75,0.82511511539695
24400000025120,0.0,0.0,0.0,0.0,0.0,7.678571288374803e-89,8.610528930516995e-76,0.8268447977168981
24500000025152,0.0,0.0,0.0,0.0,0.0,3.370638376257704e-89,4.3188373436293555e-76,0.82340348110792
24600000025204,0.0,0.0,0.0,0.0,0.0,1.4796108583751286e-89,2.117992220301414e-76,0.8268447977168981
24700000025392,0.0,0.0,0.0,0.0,0.0,6.507838349757506e-90,1.0376723184012204e-76,0.8268447977168981
24800000025428,0.0,0.0,0.0,0.0,0.0,2.884900116743644e-90,5.266377053016293e-77,0.8303605236058333
24900000025616,0.0,0.0,0.0,0.0,0.0,1.267037025825297e-90,2.6480507356699415e-77,0.8268447977168981
25000000025788,0.0,0.0,0.0,0.0,0.0,5.575728458484342e-91,1.3159520859577592e-77,0.8268447977168981
25100000025840,0.0,0.0,0.0,0.0,0.0,2.465716182321984e-91,6.536490630637982e-78,0.82340348110792
25200000025960,0.0,0.0,0.0,0.0,0.0,1.0808406780555797e-91,3.2214403130877506e-78,0.82340348110792
25300000026040,0.0,0.0,0.0,0.0,0.0,4.742516338326271e-92,1.605647198601931e-78,0.82340348110792
25400000026148,0.0,0.0,0.0,0.0,0.0,2.0880809800505423e-92,8.022630298804831e-79,0.821709374303958
25500000026244,0.0,0.0,0.0,0.0,0.0,9.247832095170122e-93,3.948157816111827e-79,0.82511511539695
25600000026312,0.0,0.0,0.0,0.0,0.0,4.063823244999138e-93,1.9650182624511814e-79,0.82511511539695
25700000026352,0.0,0.0,0.0,0.0,0.0,1.7893002438900075e-93,9.905372187641428e-80,0.82511511539695
25800000026504,0.0,0.0,0.0,0.0,0.0,7.905380776085228e-94,5.02999815633225e-80,0.821709374303958
25900000026676,0.0,0.0,0.0,0.0,0.0,3.463794532681026e-94,2.4718425197356957e-80,0.8183717834629868
26000000026880,0.0,0.0,0.0,0.0,0.0,1.5214142038596273e-94,1.2188929943123528e-80,0.8183717834629868
26100000026912,0.0,0.0,0.0,0.0,0.0,6.69570359735103e-95,6.087545723396024e-81,0.821709374303958
26200000026972,0.0,0.0,0.0,0.0,0.0,2.967042981583834e-95,3.046299244960194e-81,0.820032299264185
26300000027112,0.0,0.0,0.0,0.0,0.0,1.3032528186392653e-95,1.5029328472995296e-81,0.821709374303958
26400000027120,0.0,0.0,0.0,0.0,0.0,5.7413221474777626e-96,7.349916381469747e-82,0.821709374303958
26500000027180,0.0,0.0,0.0,0.0,0.0,2.5342439662197208e-96,3.716099216849507e-82,0.821709374303958
26600000027308,0.0,0.0,0.0,0.0,0.0,1.1126280444543918e-96,1.8733518841225186e-82,0.8183717834629868
26700000027324,0.0,0.0,0.0,0.0,0.0,4.882498359248373e-97,9.365688568242224e-83,0.816727376075414
26800000027332,0.0,0.0,0.0,0.0,0.0,2.1488816058949805e-97,4.6344472593059105e-83,0.8183717834629868
26900000027536,0.0,0.0,0.0,0.0,0.0,9.527389730785375e-98,2.2921688130615565e-83,0.820032299264185
27000000027556,0.0,0.0,0.0,0.0,0.0,4.1809507426488985e-98,1.1459770219185974e-83,0.820032299264185
27100000027692,0.0,0.0,0.0,0.0,0.0,1.8419567084019614e-98,5.729386666112263e-84,0.820032299264185
27200000027872,0.0,0.0,0.0,0.0,0.0,8.134846720181445e-99,2.831003969227341e-84,0.821709374303958
27300000027904,0.0,0.0,0.0,0.0,0.0,3.580424380581466e-99,1.383202246629769e-84,0.8150986466042485
27400000027920,0.0,0.0,0.0,0.0,0.0,1.568952412169156e-99,7.03850902383333e-85,0.8150986466042485
27500000027984,0.0,0.0,0.0,0.0,0.0,6.892084171884417e-100,3.569357752201874e-85,0.8134851836168391
27600000028156,0.0,0.0,0.0,0.0,0.0,3.058843570837798e-100,1.7508336171968205e-85,0.8183717834629868
27700000028228,0.0,0.0,0.0,0.0,0.0,1.3437044022177933e-100,8.719536208598361e-86,0.816727376075414
27800000028368,0.0,0.0,0.0,0.0,0.0,5.917191765488638e-101,4.321342208760724e-86,0.8183717834629868
27900000028516,0.0,0.0,0.0,0.0,0.0,2.6133974050732824e-101,2.1447889181187835e-86,0.8183717834629868
28000000028564,0.0,0.0,0.0,0.0,0.0,1.1514243775876827e-101,1.0676498383216547e-86,0.816727376075414
28100000028632,0.0,0.0,0.0,0.0,0.0,5.0384028604211625e-102,5.255162131479199e-87,0.8134851836168391
28200000028808,0.0,0.0,0.0,0.0,0.0,2.2122832756233904e-102,2.627539627879976e-87,0.8134851836168391
28300000028820,0.0,0.0,0.0,0.0,0.0,9.81898533259472e-103,1.3240872461877478e-87,0.8118865935811649
28400000028976,0.0,0.0,0.0,0.0,0.0,4.31563673290573e-103,6.692094656628611e-88,0.8150986466042485
28500000028996,0.0,0.0,0.0,0.0,0.0,1.9014652189407962e-103,3.3069753277111336e-88,0.8150986466042485
28600000029060,0.0,0.0,0.0,0.0,0.0,8.381988247362217e-104,1.6206474114323477e-88,0.8150986466042485
28700000029076,0.0,0.0,0.0,0.0,0.0,3.6949480411819636e-104,8.159078763501022e-89,0.8134851836168391
28800000029192,0.0,0.0,0.0,0.0,0.0,1.619280782597085e-104,4.105666373467296e-89,0.8118865935811649
28900000029312,0.0,0.0,0.0,0.0,0.0,7.099881815204001e-105,2.00816271538334e-89,0.8087325413771576
29000000029472,0.0,0.0,0.0,0.0,0.0,3.1482575018888692e-105,9.846451729766709e-90,0.8103024997917595
29100000029676,0.0,0.0,0.0,0.0,0.0,1.3885271585290915e-105,4.986473393644771e-90,0.8103024997917595
29200000029760,0.0,0.0,0.0,0.0,0.0,6.112108367054511e-106,2.5104914413105268e-90,0.8103024997917595
29300000029788,0.0,0.0,0.0,0.0,0.0,2.6957538529143793e-106,1.2540799286272127e-90,0.8134851836168391
29400000029792,0.0,0.0,0.0,0.0,0.0,1.1878098707768364e-106,6.224876092210595e-91,0.8150986466042485
29500000029896,0.0,0.0,0.0,0.0,0.0,5.2006026849523776e-107,3.0552697309235407e-91,0.8134851836168391
29600000030048,0.0,0.0,0.0,0.0,0.0,2.283693916577288e-107,1.5277371980164793e-91,0.8103024997917595
29700000030100,0.0,0.0,0.0,0.0,0.0,1.0116946465059024e-107,7.654211342229474e-92,0.8103024997917595
29800000030140,0.0,0.0,0.0,0.0,0.0,4.466588873103239e-108,3.775308955689288e-92,0.8071763723814225
29900000030324,0.0,0.0,0.0,0.0,0.0,1.9623660620619837e-108,1.8612061156960732e-92,0.8103024997917595
30000000030384,0.0,0.0,0.0,0.0,0.0,8.676585227635921e-109,9.453775775729524e-93,0.8103024997917595
30100000030548,0.0,0.0,0.0,0.0,0.0,3.8232492719755743e-109,4.792566333535856e-93,0.8118865935811649
30200000030648,0.0,0.0,0.0,0.0,0.0,1.67154858498121e-109,2.3558190099646164e-93,0.8103024997917595
30300000030848,0.0,0.0,0.0,0.0,0.0,7.340407194810268e-110,1.161431259364298e-93,0.8087325413771576
30400000031016,0.0,0.0,0.0,0.0,0.0,3.251983593966191e-110,5.793604943606892e-94,0.804104088355692
30500000031060,0.0,0.0,0.0,0.0,0.0,1.435089509478099e-110,2.901395980480946e-94,0.804104088355692
30600000031264,0.0,0.0,0.0,0.0,0.0,6.311383663529489e-111,1.4262326223390864e-94,0.8071763723814225
30700000031308,0.0,0.0,0.0,0.0,0.0,2.7865850838871344e-111,7.024676341514917e-95,0.8056336609131073
30800000031320,0.0,0.0,0.0,0.0,0.0,1.2297301766262785e-111,3.540417679051621e-95,0.8087325413771576
30900000031456,0.0,0.0,0.0,0.0,0.0,5.379291188183861e-112,1.7861172757923288e-95,0.8103024997917595
31000000031600,0.0,0.0,0.0,0.0,0.0,2.3588750814978772e-112,8.927486697112156e-96,0.8071763723814225
31100000031656,0.0,0.0,0.0,0.0,0.0,1.0450787743203243e-112,4.438259223469966e-96,0.8056336609131073
31200000031760,0.0,0.0,0.0,0.0,0.0,4.6143231660193083e-113,2.1753771879074086e-96,0.8025873486341526
31300000031892,0.0,0.0,0.0,0.0,0.0,2.0294082711333908e-113,1.09587539998077e-96,0.804104088355692
31400000031968,0.0,0.0,0.0,0.0,0.0,8.951748368174326e-114,5.488319894604199e-97,0.8025873486341526
31500000032132,0.0,0.0,0.0,0.0,0.0,3.956383242759792e-114,2.7072669075593757e-97,0.804104088355692
31600000032224,0.0,0.0,0.0,0.0,0.0,1.7307295271884853e-114,1.3211408570192943e-97,0.8056336609131073
31700000032300,0.0,0.0,0.0,0.0,0.0,7.589699335696604e-115,6.750685755918741e-98,0.8056336609131073
31800000032304,0.0,0.0,0.0,0.0,0.0,3.359378350674575e-115,3.397504634543143e-98,0.8056336609131073
31900000032468,0.0,0.0,0.0,0.0,0.0,1.4840397113597077e-115,1.676767866662549e-98,0.8025873486341526
32000000032640,0.0,0.0,0.0,0.0,0.0,6.533516615440306e-116,8.364956854110022e-99,0.8010831475328598
32100000032812,0.0,0.0,0.0,0.0,0.0,2.879224337466877e-116,4.1162875077617655e-99,0.8025873486341526
32200000032812,0.0,0.0,0.0,0.0,0.0,1.273190266437297e-116,2.0565452188171687e-99,0.8010831475328598
32300000032844,0.0,0.0,0.0,0.0,0.0,5.572519111729148e-117,1.0224630091512124e-99,0.8025873486341526
32400000032844,0.0,0.0,0.0,0.0,0.0,2.4425827763217858e-117,5.041340989090754e-100,0.8056336609131073
32500000032992,0.0,0.0,0.0,0.0,0.0,1.0817095090604245e-117,2.52491897945119e-100,0.804104088355692
32600000033040,0.0,0.0,0.0,0.0,0.0,4.771713806416827e-118,1.2664510135968164e-100,0.8010831475328598
32700000033092,0.0,0.0,0.0,0.0,0.0,2.101855191635148e-118,6.430494647172628e-101,0.8010831475328598
32800000033236,0.0,0.0,0.0,0.0,0.0,9.258341830385115e-119,3.18154942550359e-101,0.798111239857997
32900000033380,0.0,0.0,0.0,0.0,0.0,4.0961673067031315e-119,1.5511701219590445e-101,0.7995912020604834
33000000033532,0.0,0.0,0.0,0.0,0.0,1.793753257614285e-119,7.826337021730194e-102,0.7995912020604834
33100000033692,0.0,0.0,0.0,0.0,0.0,7.866600044415898e-120,3.919871388362182e-102,0.8010831475328598
33200000033860,0.0,0.0,0.0,0.0,0.0,3.4821695498864115e-120,1.9290188931196004e-102,0.8025873486341526
33300000033944,0.0,0.0,0.0,0.0,0.0,1.5346264512709318e-120,9.465162702501585e-103,0.8025873486341526
33400000034144,0.0,0.0,0.0,0.0,0.0,6.763280310295989e-121,4.794408248465288e-103,0.798111239857997
33500000034240,0.0,0.0,0.0,0.0,0.0,2.9792131936143246e-121,2.413132311112367e-103,0.7951862257100321
33600000034404,0.0,0.0,0.0,0.0,0.0,1.318779293859466e-121,1.2021714670831388e-103,0.798111239857997
33700000034524,0.0,0.0,0.0,0.0,0.0,5.775250720268431e-122,5.97143285908488e-104,0.7966429986462675
33800000034612,0.0,0.0,0.0,0.0,0.0,2.530369428101133e-122,2.938698082092687e-104,0.8010831475328598
33900000034688,0.0,0.0,0.0,0.0,0.0,1.120108634560507e-122,1.4711976875411055e-104,0.8010831475328598
34000000034896,0.0,0.0,0.0,0.0,0.0,4.941412951847759e-123,7.368879394432052e-105,0.8010831475328598
34100000034992,0.0,0.0,0.0,0.0,0.0,2.178871285247945e-123,3.637128164848001e-105,0.7966429986462675
34200000035064,0.0,0.0,0.0,0.0,0.0,9.593488197402617e-124,1.788206413402542e-105,0.7937406774153803
34300000035156,0.0,0.0,0.0,0.0,0.0,4.248861481457768e-124,9.107069135886327e-106,0.7966429986462675
34400000035332,0.0,0.0,0.0,0.0,0.0,1.8598247054656132e-124,4.613216568197827e-106,0.7966429986462675
34500000035508,0.0,0.0,0.0,0.0,0.0,8.152871533657388e-125,2.267022930729161e-106,0.7966429986462675
34600000035604,0.0,0.0,0.0,0.0,0.0,3.6055770211538183e-125,1.1200755734891517e-106,0.7966429986462675
34700000035668,0.0,0.0,0.0,0.0,0.0,1.5898866398734414e-125,5.585704968560465e-107,0.798111239857997
34800000035700,0.0,0.0,0.0,0.0,0.0,7.024396936051507e-126,2.7828221666958176e-107,0.798111239857997
34900000035716,0.0,0.0,0.0,0.0,0.0,3.086860416457535e-126,1.3796526640274852e-107,0.7951862257100321
35000000035848,0.0,0.0,0.0,0.0,0.0,1.3671795325195749e-126,6.783338790247205e-108,0.7923061187581172
35100000035884,0.0,0.0,0.0,0.0,0.0,5.987562371903843e-127,3.409425023156066e-108,0.7937406774153803
35200000035964,0.0,0.0,0.0,0.0,0.0,2.622263491345792e-127,1.717840864841185e-108,0.7937406774153803
35300000036120,0.0,0.0,0.0,0.0,0.0,1.1619903979480653e-127,8.659621002225252e-109,0.7966429986462675
35400000036128,0.0,0.0,0.0,0.0,0.0,5.118955862128045e-128,4.305929153902605e-109,0.7966429986462675
35500000036236,0.0,0.0,0.0,0.0,0.0,2.2639212935125792e-128,2.1016585126200638e-109,0.7937406774153803
35600000036392,0.0,0.0,0.0,0.0,0.0,9.944182152340334e-129,1.0563511118670524e-109,0.7937406774153803
35700000036516,0.0,0.0,0.0,0.0,0.0,4.402275770875377e-129,5.288788830366372e-110,0.7908823229406241
35800000036560,0.0,0.0,0.0,0.0,0.0,1.928030421943589e-129,2.6144557383019894e-110,0.7908823229406241
35900000036684,0.0,0.0,0.0,0.0,0.0,8.452342020237125e-130,1.2736017724332152e-110,0.7908823229406241
36000000036732,0.0,0.0,0.0,0.0,0.0,3.738224966557947e-130,6.4962223193255814e-111,0.7908823229406241
36100000036840,0.0,0.0,0.0,0.0,0.0,1.6484696672342533e-130,3.274840636131889e-111,0.7937406774153803
36200000036996,0.0,0.0,0.0,0.0,0.0,7.283628665834393e-131,1.623666496478437e-111,0.7937406774153803
36300000037168,0.0,0.0,0.0,0.0,0.0,3.2056563101218306e-131,8.0817416628045695e-112,0.7937406774153803
36400000037312,0.0,0.0,0.0,0.0,0.0,1.4177899296561944e-131,3.983503807517009e-112,0.7908823229406241
36500000037484,0.0,0.0,0.0,0.0,0.0,6.203479802718142e-132,1.9866737720468661e-112,0.7908823229406241
36600000037664,0.0,0.0,0.0,0.0,0.0,2.7222936390480707e-132,9.869376337785656e-113,0.7908823229406241
36700000037852,0.0,0.0,0.0,0.0,0.0,1.2040228958035259e-132,4.8646873811498286e-113,0.7880661513108578
36800000037960,0.0,0.0,0.0,0.0,0.0,5.309598189669972e-133,2.4356835736261546e-113,0.7908823229406241
36900000038108,0.0,0.0,0.0,0.0,0.0,2.3483596183669586e-133,1.224300765412225e-113,0.7937406774153803
37000000038176,0.0,0.0,0.0,0.0,0.0,1.0325717467740013e-133,6.244978768227681e-114,0.7880661513108578
37100000038248,0.0,0.0,0.0,0.0,0.0,4.558024998355604e-134,3.0752302612773916e-114,0.7880661513108578
37200000038408,0.0,0.0,0.0,0.0,0.0,2.0002573161174837e-134,1.5084336163893447e-114,0.7852904977925153
37300000038480,0.0,0.0,0.0,0.0,0.0,8.769438731963385e-135,7.552659778779137e-115,0.7880661513108578
37400000038484,0.0,0.0,0.0,0.0,0.0,3.878667534540891e-135,3.777898098801191e-115,0.7852904977925153
37500000038684,0.0,0.0,0.0,0.0,0.0,1.7121634848276366e-135,1.8676821655092828e-115,0.7880661513108578
37600000038740,0.0,0.0,0.0,0.0,0.0,7.558044302803307e-136,9.170284420616363e-116,0.7880661513108578
37700000038784,0.0,0.0,0.0,0.0,0.0,3.3233490039129946e-136,4.627666204348775e-116,0.7908823229406241
37800000038912,0.0,0.0,0.0,0.0,0.0,1.4684798451189551e-136,2.3330163731979417e-116,0.7908823229406241
37900000039012,0.0,0.0,0.0,0.0,0.0,6.444480999570612e-137,1.1670129287021724e-116,0.7852904977925153
38000000039028,0.0,0.0,0.0,0.0,0.0,2.8281954649665134e-137,5.78643121815887e-117,0.7852904977925153
38100000039192,0.0,0.0,0.0,0.0,0.0,1.2497005466516733e-137,2.8523181006209856e-117,0.7825538059418904
38200000039320,0.0,0.0,0.0,0.0,0.0,5.52209627322115e-138,1.4295855039045236e-117,0.7825538059418904
38300000039460,0.0,0.0,0.0,0.0,0.0,2.4329270431817435e-138,7.151118049122687e-118,0.7852904977925153
38400000039512,0.0,0.0,0.0,0.0,0.0,1.0687627373128896e-138,3.531957125211817e-118,0.7880661513108578
38500000039660,0.0,0.0,0.0,0.0,0.0,4.73650581999095e-139,1.7325431668429939e-118,0.7880661513108578
38600000039752,0.0,0.0,0.0,0.0,0.0,2.0786838061484762e-139,8.820648676121184e-119,0.7880661513108578
38700000039920,0.0,0.0,0.0,0.0,0.0,9.11371554181041e-140,4.4688300586090807e-119,0.7825538059418904
38800000039992,0.0,0.0,0.0,0.0,0.0,4.0271908889548517e-140,2.1964264523578934e-119,0.7825538059418904
38900000040048,0.0,0.0,0.0,0.0,0.0,1.777811067899566e-140,1.0890932064299133e-119,0.7852904977925153
39000000040248,0.0,0.0,0.0,0.0,0.0,7.840533899059217e-141,5.432056072282347e-120,0.7852904977925153
39100000040264,0.0,0.0,0.0,0.0,0.0,3.4477260831723156e-141,2.7040521731748507e-120,0.7852904977925153
39200000040328,0.0,0.0,0.0,0.0,0.0,1.5250003339568942e-141,1.3408115423311214e-120,0.7880661513108578
39300000040344,0.0,0.0,0.0,0.0,0.0,6.692838259462977e-142,6.583744189038973e-121,0.7880661513108578
39400000040356,0.0,0.0,0.0,0.0,0.0,2.9402002021453348e-142,3.3096105436333405e-121,0.7798546179649192
39500000040372,0.0,0.0,0.0,0.0,0.0,1.2979821654486224e-142,1.6686176857609282e-121,0.7798546179649192
39600000040428,0.0,0.0,0.0,0.0,0.0,5.730096342767187e-143,8.420987275751023e-122,0.7798546179649192
39700000040576,0.0,0.0,0.0,0.0,0.0,2.52468360480796e-143,4.167473856996697e-122,0.7798546179649192
39800000040620,0.0,0.0,0.0,0.0,0.0,1.1123804945794048e-143,2.04237441344005e-122,0.7798546179649192
39900000040768,0.0,0.0,0.0,0.0,0.0,4.920397459276926e-144,1.0287167780219132e-122,0.7825538059418904
40000000040812,0.0,0.0,0.0,0.0,0.0,2.1552652826402398e-144,5.176458325335248e-123,0.7825538059418904
40100000040896,0.0,0.0,0.0,0.0,0.0,9.477672317860415e-145,2.5343960061531556e-123,0.7825538059418904
40200000040996,0.0,0.0,0.0,0.0,0.0,4.184109363009673e-145,1.242059809829046e-123,0.7798546179649192
40300000041196,0.0,0.0,0.0,0.0,0.0,1.848972499500688e-145,6.3114931374975e-124,0.7798546179649192
40400000041248,0.0,0.0,0.0,0.0,0.0,8.154731858898512e-146,3.1759546687153723e-124,0.7798546179649192
40500000041264,0.0,0.0,0.0,0.0,0.0,3.586047000481114e-146,1.5825924878978098e-124,0.7798546179649192
40600000041460,0.0,0.0,0.0,0.0,0.0,1.5862517130055021e-146,7.870738630365984e-125,0.7798546179649192
40700000041608,0.0,0.0,0.0,0.0,0.0,6.948355383691031e-147,3.8724847114772594e-125,0.7798546179649192
40800000041760,0.0,0.0,0.0,0.0,0.0,3.055570155249039e-147,1.9315827896160643e-125,0.7798546179649192
40900000041944,0.0,0.0,0.0,0.0,0.0,1.3489715442514083e-147,9.653570014356552e-126,0.7798546179649192
41000000041984,0.0,0.0,0.0,0.0,0.0,5.967110685756974e-148,4.7543483621834526e-126,0.7771915661540159
41100000042108,0.0,0.0,0.0,0.0,0.0,2.6292246397433438e-148,2.364525080302759e-126,0.7745633652583911
41200000042244,0.0,0.0,0.0,0.0,0.0,1.1562269444038177e-148,1.1956956147832299e-126,0.7771915661540159
41300000042380,0.0,0.0,0.0,0.0,0.0,5.109559520105378e-149,6.0760707506026275e-127,0.7798546179649192
41400000042532,0.0,0.0,0.0,0.0,0.0,2.2426005134974753e-149,2.992478309093172e-127,0.7798546179649192
41500000042724,0.0,0.0,0.0,0.0,0.0,9.86213902116883e-150,1.4752490658760609e-127,0.7798546179649192
41600000042860,0.0,0.0,0.0,0.0,0.0,4.345513028895083e-150,7.35147159045597e-128,0.7798546179649192
41700000043024,0.0,0.0,0.0,0.0,0.0,1.9260193765283565e-150,3.684966381358367e-128,0.7771915661540159
41800000043216,0.0,0.0,0.0,0.0,0.0,8.47000371269042e-151,1.8148754586511244e-128,0.7771915661540159
41900000043340,0.0,0.0,0.0,0.0,0.0,3.72848605731475e-151,8.912240117384282e-129,0.7745633652583911
42000000043388,0.0,0.0,0.0,0.0,0.0,1.647713130083347e-151,4.51567900246763e-129,0.7745633652583911
42100000043408,0.0,0.0,0.0,0.0,0.0,7.232006213917851e-152,2.274633260782111e-129,0.7771915661540159
42200000043444,0.0,0.0,0.0,0.0,0.0,3.177327170753808e-152,1.1368474727622204e-129,0.7771915661540159
42300000043480,0.0,0.0,0.0,0.0,0.0,1.40004012720471e-152,5.632104568266548e-130,0.7745633652583911
42400000043484,0.0,0.0,0.0,0.0,0.0,6.21145456272914e-153,2.7875047185842475e-130,0.7771915661540159
42500000043608,0.0,0.0,0.0,0.0,0.0,2.731648467479122e-153,1.3959173467952967e-130,0.7719688056663568
42600000043800,0.0,0.0,0.0,0.0,0.0,1.203668659033053e-153,6.983612681537508e-131,0.7745633652583911
42700000043884,0.0,0.0,0.0,0.0,0.0,5.3142224154921015e-154,3.453057671145397e-131,0.7745633652583911
42800000043940,0.0,0.0,0.0,0.0,0.0,2.332519930349417e-154,1.6907541842208185e-131,0.7719688056663568
42900000044132,0.0,0.0,0.0,0.0,0.0,1.0257974751216498e-154,8.592146236447066e-132,0.7745633652583911
43000000044260,0.0,0.0,0.0,0.0,0.0,4.51568650231289e-155,4.3578704029565616e-132,0.7771915661540159
43100000044440,0.0,0.0,0.0,0.0,0.0,2.0054394303747056e-155,2.1421693571009618e-132,0.7771915661540159
43200000044624,0.0,0.0,0.0,0.0,0.0,8.793771479609095e-156,1.0664908906152575e-132,0.7719688056663568
43300000044648,0.0,0.0,0.0,0.0,0.0,3.87873623509358e-156,5.283692915850545e-133,0.7694067472963957
43400000044668,0.0,0.0,0.0,0.0,0.0,1.7175338799474066e-156,2.6305298625054352e-133,0.7694067472963957
43500000044820,0.0,0.0,0.0,0.0,0.0,7.524015880665352e-157,1.3109160061937237e-133,0.7719688056663568
43600000044932,0.0,0.0,0.0,0.0,0.0,3.3057452089492613e-157,6.444070120169316e-134,0.7745633652583911
43700000045008,0.0,0.0,0.0,0.0,0.0,1.4581057517859367e-157,3.2239880819895305e-134,0.7745633652583911
43800000045152,0.0,0.0,0.0,0.0,0.0,6.462987644801566e-158,1.624057424040545e-134,0.7719688056663568
43900000045184,0.0,0.0,0.0,0.0,0.0,2.8395949730624625e-158,8.229231354631178e-135,0.7719688056663568
44000000045264,0.0,0.0,0.0,0.0,0.0,1.2525048388518653e-158,4.065118980532615e-135,0.7694067472963957
44100000045264,0.0,0.0,0.0,0.0,0.0,5.535450128279797e-159,1.9924615715511613e-135,0.7719688056663568
44200000045376,0.0,0.0,0.0,0.0,0.0,2.429711293125649e-159,1.0036962477339426e-135,0.7694067472963957
44300000045440,0.0,0.0,0.0,0.0,0.0,1.0675352327026158e-159,5.051157557038004e-136,0.7694067472963957
44400000045608,0.0,0.0,0.0,0.0,0.0,4.6949996957054226e-160,2.478196802456647e-136,0.7719688056663568
44500000045756,0.0,0.0,0.0,0.0,0.0,2.0851484749260322e-160,1.2170449298158536e-136,0.7719688056663568
44600000045928,0.0,0.0,0.0,0.0,0.0,9.15257147802019e-161,6.154920947004832e-137,0.7694067472963957
44700000046092,0.0,0.0,0.0,0.0,0.0,4.037140269411383e-161,3.100560453112689e-137,0.7668761141089249
44800000046296,0.0,0.0,0.0,0.0,0.0,1.7859928054617273e-161,1.551262931029385e-137,0.7694067472963957
44900000046384,0.0,0.0,0.0,0.0,0.0,7.847183312330578e-162,7.70075572564075e-138,0.7668761141089249
45000000046460,0.0,0.0,0.0,0.0,0.0,3.4444848578851124e-162,3.781896678416914e-138,0.7694067472963957
45100000046516,0.0,0.0,0.0,0.0,0.0,1.5149043621317658e-162,1.8884631096082254e-138,0.7668761141089249
45200000046516,0.0,0.0,0.0,0.0,0.0,6.728125657961556e-163,9.485432423686103e-139,0.7694067472963957
45300000046544,0.0,0.0,0.0,0.0,0.0,2.9561907965568294e-163,4.676660554912684e-139,0.7719688056663568
45400000046600,0.0,0.0,0.0,0.0,0.0,1.3027045864936037e-163,2.3102831844463927e-139,0.7668761141089249
45500000046628,0.0,0.0,0.0,0.0,0.0,5.757507639574373e-164,1.1729772844949256e-139,0.7668761141089249
45600000046720,0.0,0.0,0.0,0.0,0.0,2.534693257975233e-164,5.949633189369318e-140,0.7668761141089249
45700000046920,0.0,0.0,0.0,0.0,0.0,1.1115234072399234e-164,2.924817542337931e-140,0.7643758891633416
45800000047048,0.0,0.0,0.0,0.0,0.0,4.893409745641478e-165,1.4420581666745818e-140,0.7643758891633416
45900000047196,0.0,0.0,0.0,0.0,0.0,2.1712159201255095e-165,7.200952577320226e-141,0.7643758891633416
46000000047304,0.0,0.0,0.0,0.0,0.0,9.540006697077014e-166,3.6028625522339656e-141,0.7694067472963957
46100000047364,0.0,0.0,0.0,0.0,0.0,4.1999558517591886e-166,1.7798539632823808e-141,0.7694067472963957
46200000047392,0.0,0.0,0.0,0.0,0.0,1.858083238012503e-166,8.749801858780773e-142,0.7643758891633416
46300000047596,0.0,0.0,0.0,0.0,0.0,8.196200738118262e-167,4.412220355697329e-142,0.7643758891633416
46400000047756,0.0,0.0,0.0,0.0,0.0,3.587266409589893e-167,2.224934047255062e-142,0.7643758891633416
46500000047932,0.0,0.0,0.0,0.0,0.0,1.576211100287598e-167,1.1175809251620789e-142,0.7643758891633416
46600000047996,0.0,0.0,0.0,0.0,0.0,7.000636246386517e-168,5.558967237511424e-143,0.7643758891633416
46700000048016,0.0,0.0,0.0,0.0,0.0,3.0820494066723144e-168,2.716842412685784e-143,0.7668761141089249
46800000048216,0.0,0.0,0.0,0.0,0.0,1.3582113063894624e-168,1.3686851293575687e-143,0.7668761141089249
46900000048224,0.0,0.0,0.0,0.0,0.0,5.997156834406817e-169,6.854803670101841e-144,0.7643758891633416
47000000048272,0.0,0.0,0.0,0.0,0.0,2.64286584057621e-169,3.389733436640077e-144,0.7643758891633416
47100000048308,0.0,0.0,0.0,0.0,0.0,1.1578647171134477e-169,1.651831168871887e-144,0.7619051101555305
47200000048380,0.0,0.0,0.0,0.0,0.0,5.0876297752938206e-170,8.4446183569614e-145,0.7619051101555305
47300000048452,0.0,0.0,0.0,0.0,0.0,2.257463716074247e-170,4.258421819303562e-145,0.7619051101555305
47400000048560,0.0,0.0,0.0,0.0,0.0,9.958158639808374e-171,2.103770513720978e-145,0.7619051101555305
47500000048660,0.0,0.0,0.0,0.0,0.0,4.3884747303542305e-171,1.047483231241327e-145,0.7643758891633416
47600000048780,0.0,0.0,0.0,0.0,0.0,1.9377530910733782e-171,5.164748881137866e-146,0.7619051101555305
47700000048964,0.0,0.0,0.0,0.0,0.0,8.539548483690714e-172,2.581658923394575e-146,0.7643758891633416
47800000049156,0.0,0.0,0.0,0.0,0.0,3.7413159873918755e-172,1.282924058639158e-146,0.7619051101555305
47900000049248,0.0,0.0,0.0,0.0,0.0,1.6423440475156398e-172,6.32566201983489e-147,0.7594628653799336
48000000049424,0.0,0.0,0.0,0.0,0.0,7.273220098585856e-173,3.1743694408200815e-147,0.7619051101555305
48100000049504,0.0,0.0,0.0,0.0,0.0,3.2178484995631372e-173,1.5929783500676775e-147,0.7619051101555305
48200000049548,0.0,0.0,0.0,0.0,0.0,1.4167137896922453e-173,8.104190507332829e-148,0.7619051101555305
48300000049676,0.0,0.0,0.0,0.0,0.0,6.25566572760333e-174,3.999845208394012e-148,0.7643758891633416
48400000049716,0.0,0.0,0.0,0.0,0.0,2.7622683594591873e-174,1.9587532430241225e-148,0.7643758891633416
48500000049764,0.0,0.0,0.0,0.0,0.0,1.2078489744009756e-174,9.858481605155526e-149,0.7594628653799336
48600000049916,0.0,0.0,0.0,0.0,0.0,5.302234453339473e-175,4.932791698711344e-149,0.7594628653799336
48700000050096,0.0,0.0,0.0,0.0,0.0,2.350458611073446e-175,2.4298562781348568e-149,0.7594628653799336
48800000050156,0.0,0.0,0.0,0.0,0.0,1.0388988147843878e-175,1.1934249728167547e-149,0.7594628653799336
48900000050344,0.0,0.0,0.0,0.0,0.0,4.569530419315764e-176,6.041954622230514e-150,0.7594628653799336
49000000050428,0.0,0.0,0.0,0.0,0.0,2.017759383511339e-176,3.049905975231773e-150,0.7619051101555305
49100000050524,0.0,0.0,0.0,0.0,0.0,8.918518477355043e-177,1.5215964616441536e-150,0.7594628653799336
49200000050604,0.0,0.0,0.0,0.0,0.0,3.9036469806124684e-177,7.55422216332633e-151,0.7594628653799336
49300000050684,0.0,0.0,0.0,0.0,0.0,1.7136541757578336e-177,3.717562907650871e-151,0.7570482900678082
49400000050888,0.0,0.0,0.0,0.0,0.0,7.589243359742259e-178,1.863793150437645e-151,0.7570482900678082
49500000051072,0.0,0.0,0.0,0.0,0.0,3.3544812921923594e-178,9.33497664839851e-152,0.7570482900678082
49600000051196,0.0,0.0,0.0,0.0,0.0,1.4754685618246424e-178,4.611937652106995e-152,0.7570482900678082
49700000051272,0.0,0.0,0.0,0.0,0.0,6.515293317351694e-179,2.262983705091647e-152,0.7570482900678082
49800000051308,0.0,0.0,0.0,0.0,0.0,2.8798077086176217e-179,1.1547005863462024e-152,0.7594628653799336
49900000051500,0.0,0.0,0.0,0.0,0.0,1.2617466747119456e-179,5.857466429376345e-153,0.7594628653799336
50000000051656,0.0,0.0,0.0,0.0,0.0,5.533582138720735e-180,2.8713472676185346e-153,0.7570482900678082
50100000051772,0.0,0.0,0.0,0.0,0.0,2.4506864208775107e-180,1.4227692992463377e-153,0.7522989037754725
50200000051800,0.0,0.0,0.0,0.0,0.0,1.0832300949339768e-180,7.084475968336309e-154,0.7570482900678082
50300000051948,0.0,0.0,0.0,0.0,0.0,4.7646542748400843e-181,3.53452678064589e-154,0.7570482900678082
50400000052016,0.0,0.0,0.0,0.0,0.0,2.1019230553779715e-181,1.7565349543791626e-154,0.7546605630596858
50500000052140,0.0,0.0,0.0,0.0,0.0,9.308969200321201e-182,8.635973041439882e-155,0.7594628653799336
50600000052216,0.0,0.0,0.0,0.0,0.0,4.0746629567210204e-182,4.3424529314158434e-155,0.7570482900678082
50700000052236,0.0,0.0,0.0,0.0,0.0,1.7887783249550183e-182,2.1856695338570276e-155,0.7546605630596858
50800000052328,0.0,0.0,0.0,0.0,0.0,7.922163961396847e-183,1.1054987732483853e-155,0.7522989037754725
50900000052480,0.0,0.0,0.0,0.0,0.0,3.49488960868561e-183,5.483256613437296e-156,0.7522989037754725
51000000052492,0.0,0.0,0.0,0.0,0.0,1.5417854063668496e-183,2.682710170325152e-156,0.7546605630596858
51100000052608,0.0,0.0,0.0,0.0,0.0,6.781743547282516e-184,1.3476496529185712e-156,0.7546605630596858
51200000052804,0.0,0.0,0.0,0.0,0.0,3.006468041940952e-184,6.743451241110635e-157,0.7546605630596858
51300000052852,0.0,0.0,0.0,0.0,0.0,1.3172772688622448e-184,3.338231578771188e-157,0.7546605630596858
51400000053044,0.0,0.0,0.0,0.0,0.0,5.782929181503537e-185,1.6252924354682395e-157,0.7546605630596858
51500000053052,0.0,0.0,0.0,0.0,0.0,2.558682021350084e-185,8.285307378239256e-158,0.7522989037754725
51600000053100,0.0,0.0,0.0,0.0,0.0,1.1287862699290805e-185,4.178445511111826e-158,0.7499625694502665
51700000053280,0.0,0.0,0.0,0.0,0.0,4.974888057920405e-186,2.076591571680785e-158,0.7499625694502665
51800000053436,0.0,0.0,0.0,0.0,0.0,2.1904386884326513e-186,1.0350524396968885e-158,0.7499625694502665
51900000053504,0.0,0.0,0.0,0.0,0.0,9.710732579995175e-187,5.093933882966338e-159,0.7499625694502665
52000000053712,0.0,0.0,0.0,0.0,0.0,4.254791899692024e-187,2.5365386842697344e-159,0.7546605630596858
52100000053752,0.0,0.0,0.0,0.0,0.0,1.866079216147311e-187,1.2655516532268425e-159,0.7522989037754725
52200000053796,0.0,0.0,0.0,0.0,0.0,8.264731393791007e-188,6.234447574655918e-160,0.7522989037754725
52300000053980,0.0,0.0,0.0,0.0,0.0,3.6461098985457587e-188,3.1135988425027286e-160,0.7499625694502665
52400000054148,0.0,0.0,0.0,0.0,0.0,1.6101122843014405e-188,1.5687378871619812e-160,0.7499625694502665
52500000054312,0.0,0.0,0.0,0.0,0.0,7.082472926688332e-189,8.004973706830624e-161,0.7499625694502665
52600000054464,0.0,0.0,0.0,0.0,0.0,3.1398675495940692e-189,3.9434940258549346e-161,0.7522989037754725
52700000054492,0.0,0.0,0.0,0.0,0.0,1.375761742835372e-189,1.9369980939511863e-161,0.7522989037754725
52800000054552,0.0,0.0,0.0,0.0,0.0,6.028037119205428e-190,9.702236165625625e-162,0.7546605630596858
52900000054728,0.0,0.0,0.0,0.0,0.0,2.667199113951231e-190,4.855014854824899e-162,0.7522989037754725
53000000054828,0.0,0.0,0.0,0.0,0.0,1.1778405898063792e-190,2.3987726268418804e-162,0.7522989037754725
53100000055008,0.0,0.0,0.0,0.0,0.0,5.2115578865024937e-191,1.178257637543804e-162,0.7476508526079417
53200000055132,0.0,0.0,0.0,0.0,0.0,2.2902197891114913e-191,5.936549723457217e-163,0.7476508526079417
53300000055320,0.0,0.0,0.0,0.0,0.0,1.0133506132317487e-191,2.999872203578715e-163,0.7453630787479555
53400000055376,0.0,0.0,0.0,0.0,0.0,4.448834613475049e-192,1.501154099445438e-163,0.7476508526079417
53500000055548,0.0,0.0,0.0,0.0,0.0,1.947420582986989e-192,7.438779863625326e-164,0.7499625694502665
53600000055736,0.0,0.0,0.0,0.0,0.0,8.625200420479713e-193,3.6718097597829935e-164,0.7522989037754725
53700000055848,0.0,0.0,0.0,0.0,0.0,3.8052306806522574e-193,1.839202883801141e-164,0.7499625694502665
53800000056012,0.0,0.0,0.0,0.0,0.0,1.6820648071972926e-193,9.203545501862395e-165,0.7453630787479555
53900000056120,0.0,0.0,0.0,0.0,0.0,7.399156680114247e-194,4.547373088517773e-165,0.7476508526079417
54000000056244,0.0,0.0,0.0,0.0,0.0,3.280342773024312e-194,2.2380410985697224e-165,0.7476508526079417
54100000056384,0.0,0.0,0.0,0.0,0.0,1.4345399589582195e-194,1.1364909571829213e-165,0.7476508526079417
54200000056492,0.0,0.0,0.0,0.0,0.0,6.2918825069382926e-195,5.771179871786319e-166,0.7476508526079417
54300000056508,0.0,0.0,0.0,0.0,0.0,2.784008966442852e-195,2.829277881904055e-166,0.7499625694502665
54400000056608,0.0,0.0,0.0,0.0,0.0,1.2282523634450387e-195,1.4075294385217457e-166,0.7476508526079417
54500000056648,0.0,0.0,0.0,0.0,0.0,5.434743933838608e-196,7.015997900495571e-167,0.7453630787479555
54600000056676,0.0,0.0,0.0,0.0,0.0,2.390692669300839e-196,3.4937953952778435e-167,0.7453630787479555
54700000056792,0.0,0.0,0.0,0.0,0.0,1.0578319311077984e-196,1.7296498046448862e-167,0.7430986042237757
54800000056868,0.0,0.0,0.0,0.0,0.0,4.635156851335428e-197,8.529448464327877e-168,0.7453630787479555
54900000057048,0.0,0.0,0.0,0.0,0.0,2.034989165905377e-197,4.280835221085755e-168,0.7453630787479555
55000000057196,0.0,0.0,0.0,0.0,0.0,9.013257202397227e-198,2.161149381888982e-168,0.7453630787479555
55100000057384,0.0,0.0,0.0,0.0,0.0,3.9765256987694866e-198,1.0878468231444723e-168,0.7476508526079417
55200000057480,0.0,0.0,0.0,0.0,0.0,1.7561075790324736e-198,5.390843615367978e-169,0.7499625694502665
55300000057568,0.0,0.0,0.0,0.0,0.0,7.717492761595826e-199,2.648039438251102e-169,0.7430986042237757
55400000057680,0.0,0.0,0.0,0.0,0.0,3.414869671428256e-199,1.3329366720745003e-169,0.7408568142938687
55500000057708,0.0,0.0,0.0,0.0,0.0,1.4977919757194944e-199,6.716142956495529e-170,0.7408568142938687
55600000057724,0.0,0.0,0.0,0.0,0.0,6.575884199475332e-200,3.282966739800747e-170,0.7453630787479555
55700000057772,0.0,0.0,0.0,0.0,0.0,2.9068965694416744e-200,1.6126387104714225e-170,0.7476508526079417
55800000057892,0.0,0.0,0.0,0.0,0.0,1.285007593164455e-200,8.181297908175121e-171,0.7453630787479555
55900000058052,0.0,0.0,0.0,0.0,0.0,5.6693509430168814e-201,4.1222599407531333e-171,0.7430986042237757
56000000058224,0.0,0.0,0.0,0.0,0.0,2.4939511751121383e-201,2.0568500077883272e-171,0.7453630787479555
56100000058292,0.0,0.0,0.0,0.0,0.0,1.1035466706352837e-201,1.0212857420997871e-171,0.7386371213283878
56200000058488,0.0,0.0,0.0,0.0,0.0,4.845041896450985e-202,5.036397630557097e-172,0.7408568142938687
56300000058516,0.0,0.0,0.0,0.0,0.0,2.1251054498873402e-202,2.5129817151578826e-172,0.7430986042237757
56400000058612,0.0,0.0,0.0,0.0,0.0,9.394219790268053e-203,1.2538896731749693e-172,0.7408568142938687
56500000058768,0.0,0.0,0.0,0.0,0.0,4.152805810833147e-203,6.189546154213888e-173,0.7430986042237757
56600000058952,0.0,0.0,0.0,0.0,0.0,1.8322049733442898e-203,3.0763203087179122e-173,0.7453630787479555
56700000058956,0.0,0.0,0.0,0.0,0.0,8.059970455485385e-204,1.5591863384765159e-173,0.7430986042237757
56800000059144,0.0,0.0,0.0,0.0,0.0,3.559522985055818e-204,7.902511366791181e-174,0.7430986042237757
56900000059144,0.0,0.0,0.0,0.0,0.0,1.5658585929047862e-204,3.893301330308654e-174,0.7386371213283878
57000000059300,0.0,0.0,0.0,0.0,0.0,6.868157426675118e-205,1.9218562277701934e-174,0.7386371213283878
57100000059316,0.0,0.0,0.0,0.0,0.0,3.0361635656574744e-205,9.598872790639426e-175,0.7408568142938687
57200000059496,0.0,0.0,0.0,0.0,0.0,1.3421799474726615e-205,4.803629801673674e-175,0.7386371213283878
57300000059660,0.0,0.0,0.0,0.0,0.0,5.915933492359415e-206,2.3689166479194734e-175,0.7430986042237757
57400000059672,0.0,0.0,0.0,0.0,0.0,2.6075730178482363e-206,1.1625388629057241e-175,0.7408568142938687
57500000059852,0.0,0.0,0.0,0.0,0.0,1.1515941795144686e-206,5.892222495449533e-176,0.7386371213283878
57600000059980,0.0,0.0,0.0,0.0,0.0,5.056100606131733e-207,2.966053031744992e-176,0.7364389631566117
57700000060008,0.0,0.0,0.0,0.0,0.0,2.2220671273516882e-207,1.4857854609590404e-176,0.7386371213283878
57800000060200,0.0,0.0,0.0,0.0,0.0,9.81345898808132e-208,7.391991229188083e-177,0.7364389631566117
57900000060296,0.0,0.0,0.0,0.0,0.0,4.338226826480221e-208,3.638282190289145e-177,0.7386371213283878
58000000060420,0.0,0.0,0.0,0.0,0.0,1.9140528126915242e-208,1.8243163395325338e-177,0.7408568142938687
58100000060440,0.0,0.0,0.0,0.0,0.0,8.420202512622471e-209,9.129673957519655e-178,0.7408568142938687
58200000060584,0.0,0.0,0.0,0.0,0.0,3.729612576616e-209,4.515598927316759e-178,0.7408568142938687
58300000060764,0.0,0.0,0.0,0.0,0.0,1.632716660071816e-209,2.211717897586444e-178,0.7364389631566117
