,0,1,2,3,4,5,6,7,8,9,10,11,12,13,14,15,16,17,18,19,20,21,22,23,24,25,26,27,28,29,30,31
1E+11,0.888769645,0.90792424,0.950734357,0.980326652,0.878914157,0.922249524,0.867001958,0.861312917,0.952104422,0.963462636,0.932928557,0.991774734,0.864459861,0.904987498,0.972493183,0.878046322,0.972558741,0.897861536,0.901070566,0.891408792,0.946227394,0.94079607,0.862426241,0.974782972,0.96492967,0.946866761,0.932159271,0.933582256,0.862605202,0.987198148,0.98013995,0.905007585
2E+11,0.917013574,0.983722794,0.977836897,0.923265741,0.983879777,0.994465663,0.9784754,0.973760296,0.933788828,0.985706342,0.985171207,0.981782115,0.906626139,0.866906764,0.947402922,0.967876629,0.948884177,0.888108628,0.989531124,0.999771572,0.893895244,0.947580951,0.907777967,0.999057993,0.999782346,0.945882689,0.945031889,0.95547712,0.917304587,0.944732853,0.93381015,0.990794175
3E+11,0.917075392,0.975789932,0.982523538,0.99472376,0.965593936,0.994802408,0.959392223,0.960829674,0.968010019,0.963166544,0.968225441,0.978539108,0.98098563,0.950465125,0.998633587,0.975781192,0.995822114,0.921820388,0.972744026,0.969072597,0.977484835,0.982270126,0.980805047,0.976002514,0.976174331,0.977647926,0.968015845,0.952948656,0.982171093,0.996471809,0.981673019,0.981591459
4E+11,0.959465666,0.988452026,0.993831003,0.996906648,0.988671516,0.989491457,0.979713681,0.974487912,0.9736885,0.990558656,0.985649201,0.952041457,0.951051694,0.963795389,0.973184146,0.96981288,0.980836123,0.984829317,0.983643674,0.983923684,0.979466491,0.937430024,0.951517603,0.965237194,0.95400357,0.934193269,0.985798037,0.991893315,0.950016679,0.981570152,0.981116116,0.989940535
5E+11,0.913333326,0.990399975,0.973666149,0.982791297,0.969550186,0.961897849,0.978888235,0.977552733,0.941158815,0.99817204,0.998165261,0.994827544,0.954571203,0.970783767,0.991329705,0.967586076,0.988696276,0.957421658,0.970465783,0.965117124,0.976578213,0.995229239,0.952991871,0.989612428,0.991192044,0.991528287,0.928590218,0.970242516,0.951712318,0.979127367,0.943857638,0.972060275
6E+11,0.963887978,0.960918512,0.973262471,0.953790386,0.989905641,0.997010762,0.973246006,0.971218009,0.978309517,0.960807399,0.997542268,0.966339241,0.952589341,0.952274701,0.985530447,0.973616621,0.98460767,0.957184303,0.9955522,0.995828263,0.965783506,0.994118386,0.95352919,0.96514341,0.970359503,0.993623968,0.984288414,0.957118473,0.959860909,0.979924101,0.989038398,0.992392055
7E+11,0.985863766,0.998994848,0.995248921,0.991548872,0.999961854,0.986813467,0.998773601,0.999826435,0.993379807,0.993829917,0.988928427,0.995470166,0.991323823,0.998622924,0.99272181,0.992815265,0.991340988,0.994180852,0.995821105,0.99617586,0.992677944,0.996006112,0.990930941,0.983234081,0.985800834,0.994890354,0.994655761,0.985909534,0.995422483,0.989201147,0.993955796,0.998622924
8E+11,0.968078052,0.977328618,0.966074402,0.996012498,0.95620571,0.983018208,0.956480055,0.952901533,0.992023314,0.98962561,0.96924397,0.986079186,0.963463212,0.960905869,0.989372285,0.948912666,0.987404605,0.953213211,0.966737513,0.966434477,0.975862699,0.981480668,0.96184322,0.988273375,0.979759499,0.981439645,0.964229599,0.991191958,0.966341783,0.989256328,0.987916589,0.964434569
9E+11,0.949105972,0.992846173,0.997646763,0.977516819,0.996013473,0.989472116,0.993687192,0.991724278,0.962904823,0.999848609,0.997466778,0.999875526,0.952499005,0.947684225,0.961071748,0.983634431,0.9626259,0.954849958,0.989409878,0.990454372,0.946086426,0.979958343,0.953185777,0.995224579,0.99589404,0.978828357,0.972594081,0.986996351,0.953482998,0.963571903,0.975689174,0.992432395
1E+12,0.963595594,0.983813629,0.995243041,0.987199289,0.984865037,0.99531485,0.986948786,0.989615027,0.992760095,0.963697617,0.987818372,0.99299945,0.975545477,0.961756091,0.996454213,0.984949598,0.997299964,0.961348048,0.993624968,0.98980012,0.980946732,0.989916603,0.975108445,0.99212022,0.992611694,0.986870604,0.976189873,0.973690535,0.97982046,0.999262755,0.983738643,0.994264854
1.1E+12,0.972638034,0.996698341,0.998548484,0.989847263,0.993769495,0.998128549,0.994213763,0.992152198,0.984683939,0.99251582,0.985823353,0.972943679,0.982087291,0.983194686,0.982300249,0.980693971,0.982920876,0.99426245,0.994254842,0.996027363,0.985663619,0.971272566,0.981999066,0.985513015,0.980061216,0.970337466,0.998507403,0.986119999,0.98218008,0.989885298,0.985598205,0.999409655
1.2E+12,0.944537454,0.999168205,0.988023203,0.995945935,0.975431741,0.968560228,0.977407662,0.975599187,0.960608522,0.994614503,0.988401915,0.99409155,0.97639857,0.971908374,0.988930654,0.975178392,0.98714199,0.961567366,0.972508184,0.974282952,0.991721545,0.984182392,0.976947523,0.986212723,0.987517778,0.988368413,0.960208415,0.98079631,0.976497584,0.985979683,0.959975629,0.970724818
1.3E+12,0.968416887,0.981790219,0.975437017,0.964739217,0.996780971,0.993443033,0.990305335,0.988076006,0.993132336,0.978148258,0.99486217,0.978892566,0.967042221,0.968842029,0.989471249,0.980122394,0.990212968,0.968853216,0.992071497,0.992845431,0.976456847,0.993706145,0.966772334,0.980884937,0.983113903,0.994827181,0.985245048,0.969097958,0.968665816,0.990888919,0.990834338,0.990743371
1.4E+12,0.986931962,0.991189311,0.996567643,0.992334272,0.996617543,0.994861599,0.994525787,0.994055113,0.993840681,0.997163751,0.987557665,0.985961059,0.996763198,0.990664712,0.995604703,0.995469838,0.995870388,0.990346448,0.997614204,0.998710671,0.993312019,0.993401028,0.996315444,0.988155057,0.991839334,0.995786771,0.998953431,0.996980333,0.992312694,0.994073994,0.996957405,0.996270938
1.5E+12,0.983356148,0.987203072,0.972238648,0.999424101,0.972088902,0.982196803,0.967266306,0.966796346,0.987165291,0.999805862,0.976299099,0.986472222,0.973298624,0.965602621,0.982835089,0.966132433,0.984610626,0.969543359,0.98415208,0.978709882,0.979312933,0.990711549,0.972858481,0.989648432,0.984936303,0.989621071,0.9770649,0.996105528,0.974887373,0.989839948,0.994557662,0.978722906
1.6E+12,0.960328747,0.992783939,0.998859545,0.977365492,0.995141737,0.983488539,0.99414008,0.993475255,0.961630386,0.999021026,0.99970101,0.9962355,0.962638502,0.962983795,0.98266492,0.989549486,0.982746903,0.969587221,0.998725817,0.996984862,0.96926954,0.990296272,0.962354963,0.988920019,0.989481365,0.985068973,0.976772801,0.990804647,0.96719843,0.981858979,0.982949968,0.999732549
1.7E+12,0.979654884,0.984377927,0.994961241,0.98285327,0.992060697,0.992921061,0.991292131,0.992446207,0.99636748,0.97824422,0.98728178,0.997049186,0.989150469,0.971074589,0.999537366,0.993738596,0.99822902,0.977469789,0.995629477,0.996015,0.977533407,0.98620245,0.988849419,0.989374422,0.993459556,0.994596527,0.982350368,0.970245346,0.989325471,0.994329723,0.989130889,0.99695617
1.8E+12,0.978383818,0.995976222,0.997453465,0.986493636,0.999374367,0.993779417,0.997369016,0.998303893,0.994170724,0.99985608,0.991040317,0.981590662,0.987025232,0.989971108,0.979902183,0.996203398,0.9789474,0.995324432,0.998720189,0.99654,0.992535333,0.980969958,0.986193947,0.987494991,0.984940508,0.979676267,0.99472141,0.998267022,0.986824248,0.980533569,0.986788569,0.998908116
1.9E+12,0.955692432,0.995479234,0.990408747,0.99899165,0.979314351,0.973726286,0.978192945,0.977835354,0.972734702,0.992668435,0.990257102,0.98862374,0.983287614,0.96978913,0.992285257,0.977206976,0.993027306,0.975571873,0.981039939,0.979784221,0.985971804,0.98734232,0.982703112,0.988703612,0.990663422,0.984223993,0.965516134,0.985986852,0.985990324,0.993297039,0.974337224,0.979425453
2E+12,0.986120508,0.983623855,0.983159063,0.968843218,0.997161004,0.993601031,0.993278326,0.992612608,0.988099427,0.99240838,0.997355084,0.986911389,0.964999883,0.976702281,0.993589747,0.988650017,0.994755332,0.968103579,0.999287993,0.999009284,0.98163725,0.993174518,0.964559117,0.988228047,0.990005078,0.994554485,0.990930284,0.967987449,0.966394398,0.992974802,0.983582113,0.998536493
2.1E+12,0.983194953,0.993923718,0.996211937,0.989772471,0.998924142,0.991407617,0.996410148,0.994597626,0.990087385,0.990225023,0.991678494,0.992993248,0.99422103,0.996154676,0.995524806,0.991068472,0.997816352,0.987353416,0.991343752,0.990300999,0.998927446,0.988308033,0.993928123,0.996124944,0.99992622,0.989079886,0.988303629,0.99269594,0.996434374,0.995464242,0.998814024,0.991501212
2.2E+12,0.9835447,0.991796656,0.983034851,0.998060213,0.979966229,0.987614037,0.97704416,0.976041885,0.987965804,0.993473862,0.982217386,0.986946008,0.979529567,0.975220305,0.995476001,0.978317488,0.996448573,0.983189741,0.992010744,0.990928483,0.980699747,0.988390725,0.979569361,0.987346179,0.986668473,0.990100122,0.987870063,0.993465255,0.981524706,0.996335608,0.990743445,0.992863868
2.3E+12,0.960754391,0.997939758,0.9915561,0.981705619,0.999101404,0.987524348,0.998062865,0.99889096,0.971428893,0.998152304,0.999465473,0.98953493,0.963699402,0.968557317,0.982864878,0.996900172,0.982677627,0.979332522,0.993500516,0.99564594,0.974490141,0.990904816,0.964028409,0.991450884,0.993851945,0.987293941,0.98729394,0.990995301,0.968319701,0.979448227,0.988889978,0.991598187
2.4E+12,0.985736426,0.982573724,0.991908982,0.981685001,0.998364258,0.994648855,0.997878069,0.998246831,0.988898323,0.975643788,0.980762319,0.995297782,0.985899151,0.979483376,0.997163208,0.998898861,0.998697999,0.97606798,0.999859911,0.997847168,0.979471019,0.988401882,0.985291511,0.988296826,0.987832319,0.985546925,0.981601589,0.982242123,0.989370048,0.998761863,0.997357889,0.995677871
2.5E+12,0.982116525,0.995973098,0.998895877,0.989199304,0.99478119,0.995910524,0.999478216,0.998727333,0.997811942,0.998620352,0.99854163,0.987848054,0.987346516,0.998130865,0.977943567,0.996220362,0.980888594,0.999452985,0.996450469,0.99839428,0.996364683,0.987546324,0.987067998,0.995863091,0.992727424,0.98831125,0.995506829,0.99484679,0.988522161,0.983025645,0.984727907,0.998236836
2.6E+12,0.968551994,0.994473816,0.996382826,0.999389384,0.981017259,0.979014828,0.979402641,0.97859932,0.982839733,0.992357019,0.996874681,0.992779583,0.985407376,0.974860022,0.999195411,0.979233467,0.999996041,0.983888538,0.976331939,0.979581709,0.979316569,0.994562883,0.98532129,0.994739037,0.998987584,0.988626292,0.973217078,0.985717087,0.98887566,0.996255163,0.981657389,0.975044997
2.7E+12,0.983434272,0.991376319,0.991732713,0.975382236,0.998198511,0.996215427,0.998013991,0.999190057,0.98263228,0.987500786,0.995645367,0.992936888,0.976776186,0.973615638,0.998193655,0.994924783,0.997524532,0.975607437,0.997475975,0.996174639,0.984891686,0.990631491,0.976657756,0.994606251,0.997030217,0.98858253,0.99351956,0.966807761,0.976350033,0.994473206,0.985678188,0.998980289
2.8E+12,0.984403021,0.999774938,0.991389621,0.991969411,0.994625244,0.985161039,0.99710185,0.996902538,0.986057328,0.989805711,0.994864606,0.999170321,0.998258628,0.992329875,0.993863294,0.995261319,0.993163335,0.992615959,0.99394912,0.997244898,0.997651152,0.99049229,0.998339689,0.99170717,0.992587351,0.987463775,0.995683781,0.987170086,0.997341216,0.99320148,0.996961664,0.995109691
2.9E+12,0.983871349,0.999781663,0.987909476,0.989638194,0.989882749,0.996046527,0.984025934,0.98257286,0.993496821,0.993131377,0.981746573,0.987842015,0.978983998,0.981651954,0.994188356,0.977247328,0.995548013,0.991263891,0.989804979,0.987833582,0.984418488,0.987502836,0.979394294,0.987959135,0.987024056,0.991592782,0.993631754,0.992085654,0.981109539,0.997170998,0.986730793,0.988657175
3E+12,0.968367476,0.996487027,0.993085597,0.991204358,0.995566642,0.995561114,0.999709786,0.998160131,0.968441124,0.992144971,0.997430449,0.995502151,0.962032096,0.983133771,0.986423196,0.996433592,0.984200433,0.985665067,0.991852929,0.98888374,0.980645934,0.997965733,0.96173485,0.994845263,0.997424,0.99564311,0.982645585,0.994391064,0.963548775,0.981782525,0.988051877,0.992554018
3.1E+12,0.981786948,0.985716908,0.990739267,0.987485826,0.996394608,0.993076587,0.999342907,0.998616026,0.990877928,0.985388869,0.982020723,0.988679337,0.98114906,0.978262409,0.995701269,0.999678251,0.996686445,0.976222171,0.994316416,0.994030928,0.985693347,0.993763566,0.980923446,0.988347653,0.992037971,0.991694487,0.989260243,0.984267933,0.984833381,0.998596086,0.994124277,0.99217754
3.2E+12,0.990180429,0.999292595,0.994562032,0.989503409,0.999980375,0.998229258,0.99501073,0.993906384,0.997717216,0.998496877,0.999880464,0.995854606,0.985877611,0.996776989,0.989118072,0.991544302,0.989986866,0.999587867,0.993189189,0.995013406,0.99425963,0.99327304,0.985716174,0.995793947,0.993128531,0.990530092,0.993644125,0.99712043,0.985916856,0.991262427,0.98750183,0.992831486
3.3E+12,0.977853808,0.992168815,0.994775942,0.99820798,0.980902738,0.980446082,0.981741421,0.981487618,0.980795599,0.989724269,0.993532981,0.999568685,0.987751486,0.983382836,0.996407184,0.978516784,0.994725872,0.985540758,0.983801764,0.98139365,0.982101489,0.990727375,0.987315832,0.99642124,0.995496252,0.992343617,0.97617229,0.985640005,0.990433117,0.997369071,0.983630504,0.983134292
3.4E+12,0.977864344,0.992248489,0.989099417,0.976701681,0.997794029,0.998239723,0.996701866,0.996250983,0.984441468,0.992334163,0.99947209,0.998039809,0.979083287,0.974620433,0.995974915,0.996811774,0.995153637,0.974539124,0.996768504,0.996386854,0.98293767,0.990933979,0.97821817,0.998588489,0.999011682,0.992944263,0.990830135,0.978543451,0.979255449,0.992844743,0.992113489,0.996885335
3.5E+12,0.983985627,0.992260231,0.993533671,0.994348239,0.998690685,0.98821488,0.996781736,0.997424875,0.985990614,0.992296907,0.993390377,0.994889012,0.99698389,0.987566694,0.999296296,0.99757585,0.999643456,0.991215393,0.992461524,0.99294514,0.999262177,0.993711084,0.997602292,0.989960755,0.990518559,0.994257825,0.998207049,0.987338978,0.999779933,0.998215579,0.99480201,0.992154467
3.6E+12,0.986547295,0.99524897,0.99074788,0.989746272,0.987311702,0.997150548,0.989148342,0.98825272,0.999826745,0.993552625,0.984235653,0.986187381,0.980767183,0.990248335,0.996656859,0.9846603,0.996370907,0.991634287,0.991345825,0.991043068,0.988679084,0.987517732,0.98090087,0.985803923,0.983643678,0.986849188,0.998829267,0.99533896,0.981937596,0.998173254,0.988417546,0.991427402
3.7E+12,0.9645653,0.993345848,0.99798822,0.992298935,0.990303034,0.990544431,0.992304742,0.992078272,0.977446986,0.997041649,0.9970823,0.998439522,0.973926139,0.987365707,0.98945608,0.994006191,0.989802824,0.986697137,0.990264876,0.989985322,0.988669692,0.99724739,0.973820008,0.996827614,0.999415132,0.999410983,0.98314957,0.989524102,0.973518197,0.989213029,0.986777597,0.991289364
3.8E+12,0.983197588,0.981959323,0.989224934,0.986833219,0.99280204,0.996761579,0.996371104,0.995337211,0.990570625,0.982548578,0.988349924,0.99285934,0.981907763,0.979255428,0.997187254,0.992882261,0.996401392,0.978561487,0.995536949,0.995791534,0.986019636,0.998786817,0.98188894,0.989197922,0.992228218,0.998740156,0.995890585,0.988145293,0.983215593,0.995618809,0.998925981,0.993072171
3.9E+12,0.989520713,0.999758393,0.994220883,0.991823494,0.997117695,0.998224718,0.99884853,0.998179467,0.999272756,0.999816573,0.994094023,0.992818157,0.991337884,0.996825991,0.990936308,0.995471717,0.990340009,0.999978183,0.995899169,0.996552065,0.998435618,0.999783443,0.990806221,0.996118956,0.995306878,0.993316704,0.995666454,0.998669144,0.991888135,0.992274363,0.99139606,0.997293849
4E+12,0.976427537,0.993530823,0.993118331,0.999033762,0.980532751,0.981966153,0.979692042,0.979538101,0.985171371,0.98486424,0.990724801,0.994250494,0.984688737,0.983868671,0.99437895,0.980800762,0.994323897,0.985664382,0.983354942,0.983919726,0.988814823,0.988889817,0.985411494,0.996773364,0.995026818,0.99133275,0.979198315,0.989026242,0.98659617,0.99717709,0.991759595,0.981440486
4.1E+12,0.978230811,0.992869419,0.994451862,0.979759184,0.99500588,0.999070838,0.993689796,0.992790613,0.985413189,0.998834409,0.998346579,0.997374863,0.982974517,0.97591556,0.99310505,0.993944343,0.992354815,0.970429597,0.998501834,0.996731783,0.982956395,0.988262548,0.982415102,0.999540541,0.998347368,0.987061637,0.998951835,0.982958759,0.983728559,0.990537575,0.990169562,0.999971629
4.2E+12,0.980997928,0.994564247,0.996687609,0.9950836,0.996198618,0.991092365,0.999534364,0.999783534,0.98648085,0.995462799,0.996679822,0.992631687,0.996020308,0.99117879,0.994249678,0.999944715,0.994121982,0.986447372,0.985079492,0.988287883,0.992920556,0.995755568,0.996353569,0.989826362,0.991663086,0.995964245,0.99733856,0.984333678,0.999219009,0.995032209,0.996089607,0.98571944
4.3E+12,0.991398926,0.99753668,0.99687949,0.995736723,0.989487506,0.995275002,0.987139867,0.98639197,0.995834454,0.994440829,0.989736049,0.986237313,0.984163738,0.990687139,0.998370098,0.986961356,0.998256974,0.986657426,0.997005695,0.997410475,0.995715176,0.988132465,0.984049098,0.99218998,0.989559837,0.989427487,0.997222706,0.997919913,0.986208074,0.999500563,0.992528566,0.997415092
4.4E+12,0.971864056,0.99339826,0.995523752,0.998293633,0.989218175,0.988328182,0.988685699,0.987747032,0.975566149,0.997705571,0.993604417,0.999748191,0.977959983,0.98782538,0.989130697,0.986525422,0.988446086,0.989927136,0.997564072,0.996061597,0.992555378,0.998356774,0.978188883,0.99804791,0.998365143,0.997078715,0.979927366,0.984783579,0.97765656,0.987883951,0.985924516,0.996619224
4.5E+12,0.983427559,0.989705707,0.991042362,0.985539484,0.994581565,0.99887764,0.993181664,0.992609223,0.992789003,0.985441708,0.991301873,0.990723428,0.979992173,0.976650399,0.994359656,0.989468015,0.99595365,0.982176101,0.994412312,0.993860926,0.986992621,0.998415004,0.980053087,0.983947257,0.985280752,0.998554171,0.998574482,0.988659419,0.980530622,0.99796591,0.998542135,0.992503912
4.6E+12,0.992009239,0.997719548,0.997572974,0.994479333,0.998209118,0.999787207,0.998740356,0.99908633,0.992257733,0.998859401,0.995794011,0.994517277,0.993188477,0.99616751,0.993578336,0.999116091,0.993789634,0.999827385,0.996351284,0.998956125,0.994094678,0.997974749,0.9927949,0.999068473,0.999663698,0.99860643,0.995644463,0.997700947,0.994181728,0.992905012,0.999662954,0.997955405
4.7E+12,0.978874954,0.986239789,0.991559604,0.996753925,0.983360059,0.986017529,0.981237746,0.981035383,0.991000957,0.992786579,0.991195269,0.994073191,0.980378997,0.986428933,0.997489993,0.978231858,0.998137736,0.985525174,0.984193858,0.98344984,0.989590009,0.988803218,0.980331903,0.998746468,0.997649721,0.988798802,0.985603185,0.985380928,0.983683126,0.999907255,0.997443621,0.985182958
4.8E+12,0.977626085,0.997751538,0.99595249,0.984615686,0.995681541,0.996165898,0.994291848,0.993376319,0.989635649,0.999892202,0.994340647,0.999275276,0.983658803,0.973712944,0.986695562,0.993824978,0.986471257,0.974325902,0.999573906,0.999139072,0.983487674,0.993653817,0.983595449,0.998627031,0.99823153,0.991902898,0.995581028,0.985285664,0.985413834,0.986024107,0.987996987,0.999223562
4.9E+12,0.982907445,0.996061046,0.99560833,0.999231526,0.990201841,0.99447078,0.996559179,0.997027757,0.987222682,0.991634167,0.99640563,0.99386164,0.997188515,0.990813117,0.993132839,0.999876006,0.993997164,0.986443501,0.991415027,0.988307502,0.998163882,0.996559178,0.996856906,0.993137164,0.994556564,0.997187074,0.997233211,0.989044182,0.999128438,0.996345796,0.991674535,0.991683185
5E+12,0.990416629,0.998733272,0.998361462,0.996386804,0.995194312,0.998854593,0.989985617,0.989408323,0.996275476,0.997243891,0.990848358,0.98845712,0.9816651,0.990744172,0.994155976,0.988088916,0.995095117,0.992344798,0.99920999,0.998325066,0.99679144,0.983660706,0.981167108,0.989620259,0.987358225,0.988518487,0.995351313,0.996408927,0.980868173,0.995131512,0.992648085,0.999243531
5.1E+12,0.97115788,0.996276134,0.99284629,0.997858242,0.992714865,0.988488878,0.989840515,0.989268203,0.979940509,0.999271476,0.994532936,0.999464383,0.981208513,0.989271029,0.992076818,0.990032699,0.991467038,0.987103362,0.992214602,0.992061273,0.994190234,0.997555104,0.980807974,0.997630711,0.99830129,0.998297051,0.983326432,0.984436303,0.983653526,0.991766628,0.988013376,0.991821741
5.2E+12,0.985666252,0.986663303,0.987356704,0.986111248,0.993906279,0.996871242,0.994166594,0.99338915,0.994465397,0.987233557,0.99436113,0.986228096,0.984632839,0.983757572,0.998421972,0.991105141,0.99949895,0.983242636,0.997614416,0.9973394,0.982192496,0.999939818,0.984438334,0.984558675,0.98515339,0.99756823,0.994447203,0.986839626,0.983666618,0.999693492,0.999044086,0.997170751
5.3E+12,0.999880777,0.999972967,0.997790909,0.999681147,0.999188313,0.999172369,0.999458644,0.999325558,0.998945014,0.998703795,0.99967283,0.999595196,0.998378705,0.998015491,0.997655744,0.999870379,0.998818166,0.999516869,0.999689465,0.997478989,0.999342194,0.997188558,0.998717659,0.998915902,0.999181381,0.998682308,0.99972551,0.998981751,0.998716965,0.999152961,0.997539987,0.999826018
5.4E+12,0.984260948,0.987790092,0.992391372,0.998318936,0.983205008,0.98919358,0.983112323,0.982547292,0.993944652,0.994959584,0.99119862,0.998954828,0.979263016,0.985598419,0.99815962,0.98500795,0.99759446,0.985481012,0.986120924,0.985467966,0.991114847,0.992274636,0.979385209,0.998719974,0.996131779,0.991381274,0.989854138,0.990048461,0.982164888,0.997015567,0.995598213,0.986373595
5.5E+12,0.9843414,0.999382843,0.996519569,0.985527872,0.997548385,0.997766124,0.995722105,0.995036916,0.986604161,0.996714173,0.99631476,0.997750474,0.982260395,0.972366806,0.989845414,0.992031521,0.990392444,0.97733697,0.999325005,0.999708773,0.980295831,0.991785895,0.982399851,0.998885443,0.998467654,0.990702022,0.990672765,0.988999023,0.984916263,0.98866428,0.9874233,0.997495992
5.6E+12,0.981655644,0.99641929,0.998202223,0.999917731,0.989785444,0.997684335,0.991063892,0.991840008,0.991189986,0.992440812,0.992597251,0.996045039,0.994357882,0.987136258,0.997670174,0.993677496,0.997960137,0.981402836,0.992840676,0.992310671,0.995054455,0.995974908,0.994144797,0.994638398,0.99483058,0.995993789,0.995160324,0.990808336,0.995999858,0.998910948,0.99717926,0.99375774
5.7E+12,0.990940112,0.996423435,0.999210627,0.999410476,0.996051144,0.99809441,0.994966358,0.994785226,0.993384979,0.997105191,0.994822656,0.987754832,0.985381033,0.988575529,0.993282719,0.992228036,0.994337412,0.995259777,0.994739776,0.997448744,0.99532862,0.983777855,0.98514513,0.990578535,0.989309356,0.982139996,0.997087145,0.998570974,0.984687362,0.994072067,0.996375979,0.995913456
5.8E+12,0.974103238,0.9973403,0.992306589,0.994489141,0.991394889,0.98882351,0.995346537,0.994748215,0.981677212,0.999870129,0.999693876,0.998083742,0.983958701,0.992107153,0.997645098,0.990606437,0.99714947,0.986309222,0.990905252,0.989969056,0.994294339,0.997722622,0.983656615,0.995512186,0.997717984,0.997747139,0.979189872,0.990246667,0.984181955,0.99591372,0.982319115,0.991730149
5.9E+12,0.98794313,0.988327414,0.993209663,0.985715,0.995566804,0.999509902,0.992517904,0.992168414,0.992217684,0.987774309,0.998175602,0.986640528,0.985520569,0.983469903,0.997229573,0.992839148,0.99584864,0.986019785,0.9999435,0.998837825,0.988284058,0.999973064,0.985293953,0.988969863,0.989494075,0.997501556,0.993387038,0.984772412,0.986084158,0.994443412,0.997131685,0.998316193
6E+12,0.996048199,0.998403248,0.999926384,0.998336147,0.998665139,0.995026059,0.999542668,0.998724422,0.999990879,0.996291195,0.99503127,0.999203904,0.997342659,0.997921162,0.999025401,0.998076211,0.998129631,0.998560252,0.999897719,0.999183057,0.997369369,0.999710096,0.997025395,0.992929037,0.995467747,0.99972964,0.999074913,0.995005212,0.996710737,0.996456015,0.997536796,0.999456023
6.1E+12,0.988122389,0.992565342,0.986867801,0.998823438,0.985068023,0.994344664,0.98423276,0.983413664,0.997444647,0.997162946,0.990674935,0.995616179,0.987006696,0.984552522,0.995651068,0.982059092,0.996953608,0.982871054,0.989057857,0.988232861,0.989857669,0.993574525,0.986430447,0.997100274,0.995265348,0.991826876,0.988102362,0.995118038,0.987996412,0.997385205,0.995824223,0.987435011
6.2E+12,0.980915883,0.995575413,0.998900898,0.990452453,0.997912028,0.998185681,0.996557864,0.996350863,0.986157766,0.999175193,0.998611221,0.999998718,0.981182412,0.980132965,0.986736394,0.994122577,0.986708199,0.980724957,0.995547855,0.995804843,0.977284005,0.992183997,0.981048506,0.997155156,0.999640468,0.991237474,0.989445716,0.993111947,0.981966636,0.984663493,0.99147138,0.996140658
6.3E+12,0.986515332,0.994707893,0.998380696,0.995060737,0.995020684,0.998568883,0.992857224,0.993508864,0.995846536,0.987624604,0.9947187,0.994455498,0.990119757,0.98516517,0.998080613,0.993805758,0.99912836,0.984995449,0.995175174,0.994943758,0.990500555,0.994215819,0.98952536,0.99556553,0.997775445,0.995048022,0.991415369,0.98891762,0.991300936,0.999769216,0.994719972,0.99773857
6.4E+12,0.98862295,0.999829058,0.999749579,0.996840416,0.999412741,0.998135407,0.996499796,0.995929574,0.993940755,0.994976476,0.994816891,0.988932634,0.991184985,0.990921334,0.993492913,0.993205286,0.992952982,0.996487811,0.997268714,0.997846509,0.993983647,0.988278579,0.990929534,0.996093576,0.993861279,0.987971421,0.99982275,0.994115478,0.99149405,0.993996263,0.994109801,0.997368378
6.5E+12,0.975718358,0.998113502,0.995149836,0.999002296,0.989493116,0.987554242,0.991183581,0.990704163,0.982223688,0.997639688,0.996775309,0.997607767,0.988414147,0.987964166,0.994673527,0.99172246,0.993622649,0.983084114,0.990092692,0.990649712,0.995019649,0.992089852,0.988432297,0.992749533,0.994458218,0.994778052,0.983587863,0.990578989,0.987644988,0.993938725,0.98323868,0.988162558
6.6E+12,0.988493553,0.993466172,0.989931389,0.986511079,0.997719132,0.999443448,0.996346395,0.995491701,0.998055795,0.990435105,0.999181943,0.990216475,0.984723693,0.986463257,0.995655683,0.990855597,0.995597916,0.986034104,0.9959911,0.996553236,0.989239484,0.998322269,0.984811259,0.990892863,0.99204255,0.997650805,0.993063059,0.986354571,0.985102528,0.994153146,0.995564996,0.996584915
6.7E+12,0.995505127,0.996018663,0.998468,0.996747358,0.999477209,0.997278777,0.999578931,0.999265749,0.996307182,0.999545023,0.993272838,0.994778287,0.998060495,0.996177718,0.997640044,0.997199249,0.997683198,0.996807775,0.998133858,0.998124611,0.99871275,0.996263411,0.998622125,0.99365074,0.994574231,0.997070401,0.999308288,0.997814512,0.998048165,0.996807158,0.996951418,0.999207182
6.8E+12,0.992738095,0.993132175,0.987200401,0.998817102,0.988449245,0.992191649,0.984431769,0.984061611,0.996259778,0.997851448,0.98775843,0.993946041,0.987062118,0.986550598,0.992072324,0.983592342,0.992222857,0.984664877,0.991835512,0.99075059,0.989427046,0.994537781,0.987309314,0.995517493,0.994053742,0.995019987,0.989238582,0.995942792,0.987964633,0.993017133,0.99841138,0.992268139
6.9E+12,0.980074284,0.997248035,0.999990888,0.989855041,0.998716355,0.994120679,0.997816652,0.997437574,0.983176564,0.999978738,0.999256422,0.998314799,0.983000429,0.981724993,0.992651189,0.995982019,0.992188296,0.984778215,0.998061473,0.997107096,0.98464459,0.997469771,0.982731369,0.994519795,0.996091975,0.991928907,0.988473717,0.995260321,0.984784897,0.990734027,0.991821993,0.99896057
7E+12,0.988010551,0.993044028,0.998701431,0.991607406,0.995048822,0.996340135,0.994622408,0.995106723,0.997781036,0.989947664,0.994758716,0.996526504,0.993306989,0.984182378,0.99927864,0.997930012,0.999825691,0.988436927,0.997704437,0.997650154,0.990406622,0.991784117,0.993325083,0.995894417,0.99599695,0.994881152,0.992083864,0.985052552,0.993647754,0.999072365,0.994329288,0.998486713
7.1E+12,0.989561793,0.996297728,0.998325529,0.99347466,0.999856269,0.996309705,0.998117717,0.998774689,0.996004879,0.999504126,0.996436068,0.992188315,0.991691269,0.99415976,0.990743896,0.997841634,0.990800187,0.997513448,0.998926206,0.997687722,0.99676006,0.990162423,0.991948175,0.993064441,0.992772198,0.988885119,0.99851238,0.999016038,0.992876998,0.990608558,0.993139897,0.999222652
7.2E+12,0.978937888,0.998896223,0.996095163,0.998974129,0.989925319,0.986295627,0.989723729,0.989175456,0.986032806,0.995017568,0.996014878,0.994164182,0.991473238,0.984364937,0.997499851,0.989836715,0.997084153,0.986490663,0.991600499,0.989637504,0.991848479,0.992618589,0.991142006,0.995163269,0.994981292,0.990738225,0.983056258,0.992246913,0.991733706,0.995357735,0.987621649,0.990695409
7.3E+12,0.992532892,0.990585725,0.990569189,0.982819583,0.998559477,0.997904481,0.998185025,0.997239445,0.995547334,0.99673683,0.998455528,0.992449618,0.981259559,0.987605734,0.996887437,0.995026416,0.996351158,0.982683181,0.999813364,0.998938655,0.990908773,0.996951224,0.981202284,0.991306236,0.993426466,0.995945406,0.994569876,0.985124309,0.983672841,0.995664275,0.991766894,0.999153641
7.4E+12,0.993134326,0.997865892,0.996681521,0.994710519,0.999521321,0.996076139,0.997850054,0.997603089,0.996451569,0.995799846,0.994060564,0.995949431,0.997211231,0.99773977,0.997416546,0.996814682,0.997753262,0.992144747,0.994844264,0.994895299,0.999517215,0.993262204,0.997115027,0.996441597,0.999113036,0.995905436,0.993140779,0.996739595,0.998822661,0.996853984,0.998692433,0.995433803
7.5E+12,0.99149926,0.993782734,0.99177952,0.999260563,0.989321314,0.992705374,0.987119559,0.986453633,0.995258076,0.998161607,0.99184536,0.993454689,0.988887831,0.984688364,0.996061014,0.987769181,0.996366925,0.988753242,0.995827358,0.994758719,0.99188032,0.994599064,0.988714788,0.993581712,0.99208367,0.995690428,0.993423224,0.995959627,0.989738485,0.998510639,0.99556515,0.995967202
7.6E+12,0.979670224,0.999231292,0.995577637,0.991869086,0.99836013,0.992659754,0.998166795,0.999482511,0.985744353,0.998723644,0.999058217,0.99451779,0.981499994,0.984111719,0.989518553,0.999003227,0.989913872,0.988642262,0.997632522,0.99867097,0.986876988,0.994830939,0.981359372,0.993857923,0.995616419,0.994818783,0.993791357,0.996280926,0.982534708,0.989448518,0.992918487,0.995989191
7.7E+12,0.993201542,0.990327471,0.996954409,0.991978985,0.997808391,0.99567373,0.9966778,0.997503027,0.993822603,0.986237406,0.988926706,0.996378188,0.992675944,0.987141299,0.9978797,0.999003395,0.997913054,0.985938987,0.999558342,0.999021222,0.988138359,0.994243546,0.992430973,0.993088832,0.995044608,0.99124983,0.991368864,0.988808827,0.993811102,0.999699236,0.998535859,0.999922365
7.8E+12,0.990537647,0.995763259,0.99848528,0.993942319,0.996978566,0.997635074,0.999425766,0.998918955,0.999564039,0.999832015,0.999466334,0.993276115,0.992558494,0.999777163,0.986749233,0.997515657,0.986999463,0.999073798,0.99799904,0.99816931,0.998152168,0.990422238,0.992545924,0.996377483,0.996254638,0.991074706,0.998550417,0.995564423,0.994693661,0.988079805,0.991156408,0.998403574
7.9E+12,0.982228082,0.995264432,0.996467476,0.998132107,0.989491834,0.988849201,0.989454934,0.988913919,0.990744761,0.996523115,0.997839717,0.995128742,0.992414985,0.983957057,0.998756062,0.988907674,0.998657274,0.988341118,0.989022349,0.988686274,0.988563085,0.995251942,0.991990329,0.996085953,0.998290509,0.99319277,0.98363748,0.991315312,0.9911643,0.999743945,0.988684003,0.986098229
8E+12,0.991659737,0.994030366,0.994497503,0.987734437,0.999638919,0.997996565,0.998733959,0.999154844,0.990544968,0.993850958,0.998452429,0.995085375,0.985075799,0.984909393,0.999219726,0.998953429,0.998622814,0.985371384,0.998369494,0.999616915,0.991000803,0.995154206,0.985209489,0.99726425,0.998388111,0.99545322,0.996056895,0.980034287,0.985250104,0.99751757,0.991885965,0.998707442
8.1E+12,0.99161158,0.999166806,0.994728934,0.996193449,0.997326045,0.990600147,0.999190916,0.998341462,0.993681021,0.995864885,0.99577125,0.999587328,0.999520044,0.996045987,0.997937762,0.995849746,0.997877207,0.995033947,0.996885341,0.997457808,0.998713764,0.992991389,0.999556489,0.994919006,0.996083553,0.992147578,0.997431456,0.993276772,0.999106251,0.995243643,0.999385477,0.996505192
8.2E+12,0.988825495,0.99944329,0.992709938,0.994571149,0.993230405,0.997480601,0.989289098,0.988764759,0.996505948,0.995687891,0.990039116,0.993159634,0.987391807,0.988508442,0.996140385,0.986444024,0.996302548,0.993055987,0.993271084,0.993619921,0.988935266,0.992174429,0.987169486,0.994503722,0.993083292,0.99460347,0.996430718,0.99374976,0.989405556,0.997064883,0.990453691,0.993900775
8.3E+12,0.980759949,0.997659777,0.99591944,0.994278266,0.997393907,0.995528392,0.999725819,0.999729143,0.981606625,0.995093588,0.998701106,0.996756927,0.977012473,0.987915481,0.991936468,0.997297529,0.990850334,0.991257424,0.993731584,0.994609491,0.98860335,0.997729569,0.976684702,0.997114189,0.998061353,0.996743633,0.989921512,0.996433453,0.97849247,0.991265732,0.994151981,0.994871479
8.4E+12,0.990187585,0.99189982,0.995611248,0.993503629,0.999075555,0.995887091,0.999433991,0.999911355,0.995163624,0.989651901,0.988480901,0.993375345,0.989656856,0.988048181,0.996984411,0.998940109,0.997521786,0.984741255,0.997825162,0.997206849,0.991230887,0.995135544,0.989174029,0.993500876,0.993540517,0.993730466,0.994005204,0.989336989,0.989968466,0.998210025,0.996878698,0.996891912
8.5E+12,0.99446913,0.999656268,0.994845694,0.994588448,0.99883142,0.998052003,0.997116049,0.996542437,0.997593878,0.998418723,0.999080462,0.996451579,0.990284332,0.997639308,0.992153946,0.995491002,0.992897207,0.999397921,0.996458694,0.996206918,0.997941988,0.996171341,0.989974558,0.999990695,0.996748784,0.993820545,0.996194329,0.997672695,0.991420543,0.994440122,0.993007219,0.99577288
8.6E+12,0.985245595,0.995600003,0.998004593,0.999872124,0.989671725,0.987707531,0.989310983,0.98852639,0.989743547,0.994736992,0.996742167,0.99934484,0.992625747,0.988156406,0.997722179,0.985695535,0.998273949,0.99017557,0.989156458,0.987880008,0.987189562,0.994038862,0.992503862,0.998078598,0.996432002,0.997001181,0.984903383,0.991074449,0.993418003,0.998821909,0.989405657,0.989937794
8.7E+12,0.987492213,0.997418815,0.99300583,0.985796906,0.998494893,0.999596402,0.998736727,0.998469466,0.99055191,0.994841445,0.998630147,0.997715291,0.986056553,0.984270967,0.995993791,0.99879678,0.995932657,0.984470023,0.998377493,0.998367755,0.989375293,0.995783338,0.986332971,0.999227429,0.998704266,0.99603112,0.99643255,0.985642199,0.98641303,0.996637593,0.994511973,0.997967945
8.8E+12,0.989871519,0.995819737,0.996197361,0.996916034,0.997613192,0.990629949,0.997544337,0.997787482,0.990914497,0.994630387,0.996168851,0.995700318,0.998545966,0.991607852,0.999677239,0.999697143,0.999915006,0.995411989,0.994969816,0.997015013,0.998761677,0.996307637,0.998682063,0.993620713,0.994221567,0.995565298,0.998179634,0.991545454,0.999312521,0.999935986,0.99492463,0.995649214
8.9E+12,0.991693106,0.997797272,0.992867698,0.993283302,0.992775164,0.997621825,0.994018236,0.993632047,0.999579566,0.996159946,0.991179629,0.992423747,0.987252199,0.99226061,0.997846483,0.989563805,0.997945975,0.994861222,0.99492113,0.993932119,0.99142246,0.992211401,0.987083191,0.990670434,0.989884185,0.991179629,0.999790318,0.99711046,0.988862076,0.999247926,0.991270022,0.994467007
9E+12,0.979265315,0.996677086,0.998128165,0.995222295,0.994266451,0.994135602,0.997160069,0.996795172,0.985354853,0.997922843,0.998473914,0.998110079,0.982102291,0.991299507,0.991878739,0.9957707,0.992443614,0.991902143,0.994791447,0.994324961,0.990461251,0.99905105,0.981626875,0.996866981,0.998332422,0.999943084,0.988709778,0.993951561,0.981990084,0.992654779,0.990625072,0.993609545
9.1E+12,0.988252034,0.987860095,0.99206313,0.993236914,0.995787125,0.997229673,0.997754431,0.996958302,0.99388967,0.988114511,0.991790184,0.995293053,0.987734209,0.986930771,0.999010256,0.995020628,0.999095423,0.986268567,0.997963382,0.996983693,0.991796532,0.999169482,0.987903467,0.992194843,0.993766947,0.998202486,0.995983378,0.992008117,0.98875188,0.999152554,0.998887001,0.99713181
9.2E+12,0.992896563,0.999372351,0.995261886,0.994328587,0.997483096,0.998364853,0.999790082,0.999557542,0.999859529,0.999506509,0.996572407,0.996063665,0.993855628,0.998522685,0.993633617,0.997519398,0.994635828,0.999117188,0.996630279,0.996851243,0.999266603,0.999578587,0.993537342,0.997411546,0.997102195,0.99646403,0.996151524,0.998222278,0.99525452,0.995461804,0.994909925,0.997061159
9.3E+12,0.98398368,0.994335614,0.994462766,0.999604405,0.986647735,0.989541113,0.988120565,0.987631884,0.989851911,0.990125561,0.996001685,0.997493525,0.989959174,0.988765693,0.994960912,0.987144778,0.995911684,0.990347936,0.990021962,0.990314972,0.992414744,0.992831252,0.989761392,0.998646816,0.998254362,0.99433509,0.987225875,0.993186541,0.990622635,0.997115724,0.995303126,0.988449668
9.4E+12,0.984706038,0.995895493,0.995759129,0.987844601,0.996987454,0.999531045,0.998569715,0.997531355,0.989454811,0.998727421,0.999950554,0.999539373,0.988190163,0.984791382,0.99557436,0.995257391,0.995757047,0.980166454,0.998364646,0.998822149,0.987934114,0.992101287,0.98795337,0.999403527,0.999756935,0.993771449,0.999865195,0.98735905,0.988778247,0.994336158,0.992406795,0.999063132
9.5E+12,0.988009689,0.996337549,0.99842919,0.997441354,0.997879874,0.994841833,0.999237375,0.999591506,0.992091714,0.99812994,0.998393467,0.993884564,0.998390878,0.994714473,0.995876252,0.999415476,0.995945627,0.991191939,0.99104491,0.99113292,0.995310893,0.995796004,0.998195692,0.992091196,0.994238168,0.99744446,0.999972042,0.988968953,0.999171105,0.996700479,0.996552925,0.990190188
9.6E+12,0.993605428,0.998247347,0.998947274,0.996233067,0.993913408,0.998413702,0.991927007,0.991536633,0.998104683,0.99534362,0.994631859,0.990544744,0.989931901,0.994219843,0.998110863,0.992922004,0.997871374,0.993016767,0.999142986,0.998111893,0.996042508,0.991717915,0.990079189,0.995406968,0.994559756,0.993096594,0.998371984,0.998479111,0.990588004,0.999724973,0.995620188,0.997664332
9.7E+12,0.979970464,0.993927955,0.996069108,0.99968233,0.993981752,0.993333624,0.993921807,0.993456589,0.984253825,0.998161104,0.995598759,0.999888816,0.983931608,0.992494906,0.992509252,0.991524013,0.992520011,0.992369381,0.998526935,0.996271493,0.993729161,0.998585858,0.98393212,0.998884057,0.999948763,0.997906456,0.988005856,0.990797004,0.983261056,0.991855499,0.99067353,0.997666668
9.8E+12,0.988664566,0.992750439,0.993531347,0.991583678,0.995820071,0.998655791,0.995532577,0.995124274,0.994630846,0.990226303,0.993701088,0.995077378,0.98581798,0.983827768,0.995056479,0.993531856,0.995926607,0.987157919,0.996852813,0.996407296,0.99067638,0.999753791,0.985615132,0.988999439,0.989173757,0.998275008,0.99949178,0.992232556,0.986726729,0.996600999,0.998032368,0.99574412
9.9E+12,0.995283866,0.998697591,0.998962333,0.996397593,0.99704727,0.999808291,0.998458208,0.998778231,0.994790907,0.999048552,0.995780376,0.997243036,0.994954212,0.996832233,0.996185599,0.998683898,0.995583598,0.999972106,0.998217303,0.997623411,0.995128675,0.998342574,0.994723456,0.999438564,0.99991936,0.998005814,0.997745131,0.99804791,0.996730799,0.996249501,0.999152014,0.997115231
1E+13,0.985766755,0.991240364,0.993558008,0.997704457,0.990492052,0.992307088,0.987355598,0.986624996,0.99449911,0.993665995,0.994699442,0.996928346,0.987575084,0.989652924,0.996740122,0.984051333,0.997844742,0.989659483,0.990075262,0.98901261,0.992079512,0.991416973,0.987427246,0.999557443,0.998709671,0.992477644,0.989471274,0.9890005,0.989080223,0.999134061,0.997623213,0.989470264
1.01E+13,0.985654641,0.996508254,0.999021866,0.991166346,0.998387687,0.998186336,0.996513777,0.996274268,0.99296787,0.999114257,0.997050541,0.999376364,0.988735264,0.982853848,0.992300579,0.995975006,0.991695552,0.980375029,0.999782581,0.999502899,0.989011404,0.996490178,0.988438039,0.999206647,0.999338203,0.993475498,0.997916698,0.990627604,0.98975699,0.990245516,0.99299398,0.999718812
1.02E+13,0.988779125,0.997188449,0.997571682,0.999993504,0.993339181,0.995073936,0.997891959,0.998289683,0.991539006,0.994640744,0.996779235,0.994759659,0.998509531,0.992991434,0.994528324,0.998627949,0.994400915,0.991281199,0.992101088,0.991214249,0.997545201,0.997824007,0.998505534,0.995894856,0.995900351,0.998038358,0.99816427,0.990715126,0.998497539,0.995901351,0.993705415,0.994003201
1.03E+13,0.993574951,0.998843956,0.999203946,0.998047904,0.996420502,0.999022459,0.992556179,0.991691052,0.997489027,0.998200053,0.993816593,0.99355357,0.985658367,0.993448162,0.996440888,0.991827284,0.996612428,0.994354076,0.999429188,0.997550185,0.996260895,0.988270428,0.985813973,0.993991114,0.991873523,0.991275397,0.99525801,0.998328834,0.98678093,0.996824741,0.994627543,0.999737963
1.04E+13,0.980817406,0.998670895,0.995956291,0.999838192,0.99576727,0.99271031,0.992395119,0.992168499,0.985814552,0.999718938,0.995924623,0.99878322,0.98745121,0.99303243,0.994613354,0.992319414,0.995039391,0.991772657,0.995334303,0.995121036,0.995915716,0.999393343,0.987124666,0.997506076,0.998849033,0.999064777,0.989317004,0.989514423,0.986796144,0.993626696,0.990002777,0.994487671
1.05E+13,0.989613714,0.991644498,0.989766857,0.990890087,0.996644353,0.998008473,0.996066205,0.994801576,0.995501848,0.990607431,0.994794189,0.990157351,0.987357474,0.987329407,0.997613518,0.994032364,0.998190685,0.987449553,0.998998819,0.997502222,0.987267857,0.999426278,0.9874141,0.988488044,0.989585153,0.998888014,0.996601017,0.99118407,0.987576102,0.999918251,0.999973407,0.998475822
1.06E+13,0.999381448,0.999265775,0.997884083,0.999054527,0.9988124,0.998698688,0.9991751,0.999730425,0.998138954,0.998538414,0.999373606,0.99957015,0.998036025,0.999709349,0.996771969,0.99859821,0.997043503,0.999399093,0.997832129,0.99837961,0.999588285,0.998096801,0.997992403,0.998251684,0.99903198,0.997810072,0.999293713,0.999229015,0.998694767,0.999188334,0.99967798,0.999443204
1.07E+13,0.989627332,0.990561963,0.993389832,0.998656975,0.988648326,0.991998568,0.988957587,0.988462966,0.995777757,0.995008933,0.993000549,0.998813571,0.986126017,0.989037097,0.997922288,0.988719056,0.998219871,0.989962939,0.989951232,0.990714159,0.993401052,0.995091864,0.986161624,0.999347757,0.99889748,0.993323976,0.992804933,0.991153187,0.986945961,0.999354099,0.997561775,0.990243426
1.08E+13,0.98974975,0.999698942,0.997321561,0.989499699,0.998425275,0.997504138,0.997059837,0.996668951,0.990521758,0.996542216,0.996619908,0.998956981,0.98830578,0.979521579,0.994221683,0.9953414,0.993172384,0.984131416,0.999702341,0.999732933,0.987287644,0.995088419,0.987924159,0.99849714,0.998624847,0.99440814,0.994337734,0.990707721,0.989521548,0.991934702,0.989563304,0.999755755
1.09E+13,0.987649107,0.998865591,0.997655299,0.999448987,0.99247927,0.997277808,0.993428038,0.993885752,0.994045734,0.994338633,0.995989224,0.996068492,0.996069942,0.989735979,0.998640836,0.996021608,0.998721554,0.987800376,0.993540654,0.994253567,0.996900803,0.996614182,0.995751422,0.996139543,0.996606448,0.997339193,0.996081542,0.992110012,0.99559337,0.999236799,0.997833652,0.994285466
1.1E+13,0.992718491,0.996623352,0.999693993,0.998937157,0.996840827,0.998622009,0.996531936,0.995918005,0.996069082,0.99838673,0.996809071,0.991985744,0.987747226,0.991768279,0.994467868,0.992615049,0.994696405,0.996209092,0.996168196,0.998185132,0.996402029,0.987764545,0.987818908,0.993699023,0.992769008,0.987863648,0.997999893,0.999926866,0.988574219,0.995759711,0.995610559,0.996574757
1.11E+13,0.981379805,0.997491637,0.992778184,0.997050987,0.9952314,0.992102388,0.994824283,0.994334787,0.986623466,0.999066966,0.998799222,0.998292951,0.987748422,0.992607199,0.99917234,0.993038255,0.998889747,0.990659814,0.993704001,0.994407589,0.996455153,0.997284723,0.987640187,0.996402466,0.997604673,0.99743895,0.987110512,0.993261926,0.987803497,0.997168334,0.987836063,0.993523914
1.12E+13,0.990830814,0.991887879,0.994537987,0.989766615,0.996245953,0.998689679,0.99551308,0.995065823,0.995074883,0.991058247,0.998832727,0.989603553,0.988708631,0.987773198,0.998187581,0.99415129,0.997818518,0.989221648,0.999731069,0.99893763,0.990299666,0.998450789,0.988314813,0.992209244,0.992985008,0.997733643,0.995169293,0.98885691,0.990680624,0.996884896,0.998486551,0.999523173
1.13E+13,0.998513201,0.998040863,0.999037283,0.999481139,0.998839803,0.997053465,0.999832901,0.99990933,0.998677451,0.996777659,0.996921021,0.999653934,0.996552647,0.998158116,0.999805843,0.997400478,0.999934964,0.99745507,0.99905105,0.999976739,0.996748228,0.999572759,0.99652369,0.995308916,0.995552915,0.999048201,0.999225744,0.995917014,0.998331386,0.998624758,0.998586307,0.99977736
1.14E+13,0.990783525,0.994732622,0.990814716,0.999790155,0.990247605,0.99515514,0.988317575,0.988029305,0.99823238,0.998031042,0.994041186,0.997765427,0.989999968,0.988556226,0.996922267,0.988053878,0.997490833,0.988027414,0.991966912,0.993074698,0.99222448,0.995097954,0.989775488,0.99895975,0.997391109,0.994531287,0.990743827,0.996133462,0.989896471,0.997502648,0.997682245,0.992103021
1.15E+13,0.986865196,0.997533764,0.997996329,0.992590094,0.998979341,0.998639593,0.997895628,0.99756388,0.989075196,0.997720578,0.998444778,0.999364265,0.985603795,0.984221988,0.99037197,0.996824625,0.989852974,0.985065087,0.996533346,0.998056091,0.98325141,0.994559351,0.985778347,0.998215613,0.998783586,0.994069504,0.991311159,0.993202277,0.986355173,0.989398446,0.993549073,0.996945089
1.16E+13,0.990331102,0.997394956,0.998408392,0.9979169,0.995189591,0.999932531,0.993046575,0.993564287,0.996913775,0.991366494,0.994733716,0.996423692,0.992526993,0.989484997,0.997794614,0.994289088,0.998804302,0.988625318,0.995530678,0.995916276,0.993983144,0.995597209,0.992370978,0.996575496,0.997291879,0.996440559,0.994739807,0.990999185,0.994011724,0.999308913,0.996245183,0.996626566
1.17E+13,0.993060026,0.999728947,0.999128994,0.997708421,0.99891859,0.998065313,0.996674136,0.996154896,0.996323311,0.997106603,0.997128997,0.992774989,0.992433506,0.994933546,0.995923968,0.995839528,0.995684643,0.996671337,0.998192208,0.998152087,0.994532342,0.991631119,0.992234775,0.996495924,0.996106378,0.989133047,0.999630977,0.996113376,0.993666024,0.995950093,0.994996993,0.998013529
1.18E+13,0.981561474,0.998832131,0.997028303,0.998662572,0.993753774,0.992349039,0.993610698,0.993403052,0.987507465,0.99886279,0.996848061,0.998109298,0.989977676,0.991496175,0.996512662,0.994656363,0.996671071,0.987881845,0.993408627,0.993960955,0.996694298,0.994472872,0.989936335,0.99586695,0.995657442,0.997107741,0.98728126,0.992701149,0.990448226,0.995028922,0.985781453,0.992556218
1.19E+13,0.991911284,0.994380499,0.993455808,0.990502319,0.997886427,0.999880652,0.996455644,0.996013876,0.999140507,0.994749175,0.998718625,0.992361825,0.988096141,0.989107723,0.997724521,0.992508459,0.99788874,0.988615112,0.997151837,0.998289805,0.990910758,0.999921822,0.988041562,0.992711528,0.993539534,0.999182603,0.995218695,0.990522672,0.988745088,0.996292814,0.995388,0.997017687
1.2E+13,0.997661699,0.998319978,0.99776074,0.997201964,0.999054728,0.996852787,0.999457805,0.99995071,0.998236599,0.998875992,0.995316048,0.996252093,0.999351392,0.998507005,0.998610193,0.998562745,0.998032067,0.997322195,0.998232453,0.998284508,0.998430997,0.997378395,0.999641607,0.994787221,0.996522037,0.997394057,0.999031695,0.99757095,0.999614889,0.997533176,0.997429067,0.998973192
1.21E+13,0.994779447,0.99499689,0.989054077,0.998862297,0.993442223,0.994656045,0.989257744,0.98900316,0.997856257,0.998277849,0.991107748,0.996771317,0.990041684,0.990429758,0.993763797,0.988572894,0.994237216,0.987664208,0.99350874,0.992867888,0.991988959,0.995650141,0.990343061,0.997618625,0.996040533,0.994620263,0.992328878,0.997020876,0.991756843,0.994893215,0.99891276,0.994024819
1.22E+13,0.985531347,0.996856761,0.998612951,0.993508443,0.998526603,0.996138572,0.998119079,0.997895214,0.987368145,0.999122358,0.998921336,0.999160735,0.987451741,0.985926474,0.992913166,0.998278068,0.993559611,0.987387331,0.997437435,0.998030903,0.987187248,0.997537946,0.987070306,0.994218394,0.995710036,0.993939713,0.992147947,0.995980498,0.987871095,0.993613976,0.993234332,0.998362132
1.23E+13,0.991883281,0.995469071,0.999865774,0.9932719,0.996753083,0.997249492,0.996487362,0.996886399,0.999045397,0.993091724,0.994884853,0.998270522,0.994357968,0.987086573,0.999545449,0.998657277,0.999842568,0.991486082,0.997737256,0.997576185,0.992375119,0.994790669,0.994321113,0.996788119,0.998255052,0.996125181,0.994868019,0.989265358,0.995526856,0.999833468,0.997392818,0.998214101
1.24E+13,0.991902027,0.997025865,0.998088086,0.995015637,0.999222364,0.996774812,0.999879457,0.999850455,0.997023146,0.999840938,0.997419213,0.995416231,0.993490314,0.99514071,0.994101619,0.998106213,0.993775801,0.997869207,0.999299856,0.999280823,0.997227523,0.991997641,0.993314944,0.995064579,0.994214455,0.990506808,0.999483389,0.998842609,0.995275751,0.994162342,0.993860088,0.999402271
1.25E+13,0.98355752,0.999022373,0.99618519,0.999474627,0.992883633,0.989228368,0.992328494,0.992161502,0.990658588,0.995951844,0.998227092,0.995661629,0.992711675,0.987896567,0.997214263,0.993771862,0.997641691,0.988907487,0.993108397,0.992407026,0.994139703,0.993954202,0.992468407,0.996038051,0.996939843,0.992864676,0.988075282,0.994076515,0.99290981,0.997102329,0.990710039,0.993040697
1.26E+13,0.99469122,0.993059377,0.993998021,0.987916369,0.999824673,0.998351476,0.997892929,0.997360206,0.997052261,0.997281984,0.999562131,0.99409737,0.986811946,0.989767464,0.997041472,0.996080328,0.997455062,0.987102321,0.998690441,0.998785747,0.992476775,0.998643238,0.986807451,0.994466447,0.993868552,0.997392124,0.995286872,0.988655811,0.987457427,0.997273442,0.994384181,0.999334655
1.27E+13,0.996244453,0.997264943,0.996652827,0.997576599,0.999877307,0.997147624,0.999196229,0.998631574,0.998226778,0.997380023,0.995194415,0.996062207,0.99819006,0.998323947,0.998952634,0.997286437,0.998169462,0.994607383,0.995464872,0.997090309,0.998715309,0.993544822,0.998154685,0.996798804,0.998135431,0.996351472,0.995528008,0.997461519,0.999678044,0.997339722,0.998225882,0.996138777
1.28E+13,0.993245387,0.996157012,0.993578115,0.999206511,0.991839559,0.996033016,0.991479185,0.99121292,0.995474593,0.999526315,0.995161485,0.995804205,0.99139489,0.987591025,0.996769853,0.990354368,0.996601254,0.991505054,0.996894294,0.995867095,0.993765888,0.995873785,0.991390876,0.993463488,0.993657952,0.995929092,0.995878246,0.998032113,0.99254247,0.997694023,0.995309119,0.996295726
1.29E+13,0.985415813,0.998659551,0.997213807,0.993603497,0.999187378,0.995126072,0.99933444,0.999799621,0.988326464,0.998408523,0.999728978,0.996954339,0.985900021,0.987974618,0.992280872,0.997540366,0.991450076,0.990245661,0.999679216,0.999992891,0.988690307,0.995947567,0.986036844,0.99450762,0.995585469,0.995834273,0.995423303,0.995101192,0.986707637,0.990739686,0.994875048,0.998232136
1.3E+13,0.994842573,0.99153967,0.999048881,0.994850097,0.997692799,0.997350239,0.996652284,0.997274999,0.996424796,0.98947515,0.990829362,0.996967403,0.994778841,0.988882582,0.99830755,0.998853701,0.998234966,0.988618383,0.999882272,0.999740201,0.990202261,0.99530551,0.994613318,0.994901878,0.994893912,0.99343253,0.99395211,0.990454517,0.995216551,0.999266191,0.998450062,0.999891124
1.31E+13,0.993066143,0.99648432,0.998862934,0.995821224,0.998609861,0.996307965,0.999761917,0.999510607,0.999986332,0.999336013,0.999772939,0.994969871,0.995144021,0.998502283,0.989835018,0.999377017,0.989607976,0.997873129,0.997645187,0.998439676,0.998332539,0.993571832,0.995050994,0.996364399,0.996595866,0.992361625,0.998175141,0.997279247,0.996063271,0.990524083,0.995016164,0.998546373
1.32E+13,0.985383982,0.997441103,0.997501715,0.998612501,0.991626845,0.992740656,0.992333516,0.992036177,0.992838159,0.996979045,0.998831233,0.995909992,0.992508757,0.986829239,0.999873943,0.992035738,0.999472934,0.990467814,0.991880701,0.992177599,0.99201246,0.995951278,0.992459566,0.997825859,0.998260686,0.995149712,0.98804046,0.993830324,0.99223777,0.999779072,0.991933404,0.991121331
1.33E+13,0.994067088,0.994451699,0.995400763,0.991584874,0.999396158,0.998899958,0.999161185,0.99977509,0.992731243,0.995571848,0.999561121,0.995275183,0.987878994,0.988579025,0.99995318,0.99930952,0.999830224,0.987645361,0.999839851,0.999756713,0.993090909,0.994371189,0.987819492,0.997490122,0.999142369,0.997040306,0.996506479,0.98475873,0.988885728,0.998690801,0.992579851,0.998473331
1.34E+13,0.994164245,0.999804703,0.997706571,0.995766259,0.998724467,0.99376538,0.999836526,0.999672616,0.996356066,0.996050482,0.996582312,0.999148191,0.999748904,0.996389633,0.997576228,0.996994699,0.998084086,0.995627199,0.997211792,0.996594954,0.998642512,0.993902258,0.999506962,0.996355194,0.996822944,0.993875667,0.99643061,0.994189528,0.99917086,0.997696544,0.999860066,0.997668209
1.35E+13,0.991413791,0.999025836,0.994327481,0.994761351,0.994538118,0.997898794,0.991856766,0.991374705,0.997848414,0.997867958,0.992710152,0.993977434,0.990630339,0.989629758,0.996840813,0.989505121,0.996978055,0.994407827,0.995434523,0.995583924,0.990133087,0.994233672,0.990450112,0.995663837,0.994677964,0.995233874,0.996166765,0.995461016,0.991676536,0.997638642,0.992734038,0.994728777
1.36E+13,0.985203339,0.998844222,0.995913471,0.995363499,0.999321505,0.996654268,0.999022067,0.999430981,0.986476615,0.996334062,0.999280397,0.99687019,0.981864802,0.989108935,0.993609753,0.999248376,0.99300311,0.993062822,0.996713549,0.996213337,0.991777721,0.99747036,0.981771359,0.997416271,0.998563391,0.997260928,0.992659982,0.99687019,0.983508726,0.992656088,0.995115558,0.995393356
1.37E+13,0.993113622,0.993730119,0.997095905,0.995258443,0.999224826,0.998455257,0.99857856,0.999121785,0.995485215,0.992407457,0.990974454,0.995866329,0.991132238,0.990133807,0.998115957,0.999693465,0.997536518,0.987727463,0.998508717,0.997176957,0.991746135,0.997062276,0.990997734,0.994062943,0.9949808,0.994484147,0.995902544,0.991137842,0.992057826,0.998290565,0.997531345,0.998191405
1.38E+13,0.996004618,0.99898923,0.995886489,0.99600247,0.999955325,0.998297199,0.997608177,0.99724047,0.999121537,0.999015434,0.999439416,0.997619775,0.992343952,0.997283856,0.992846524,0.997685069,0.993177277,0.999143874,0.996300156,0.997057905,0.999104783,0.996930324,0.992133045,0.99962327,0.999412353,0.99438647,0.998608205,0.99822761,0.992650649,0.994575046,0.992726679,0.997126635
1.39E+13,0.989198424,0.996249714,0.998217304,0.999446144,0.992471692,0.991556634,0.991669197,0.991193268,0.991505703,0.996152128,0.998880304,0.998208316,0.993847293,0.990284646,0.997958782,0.988093392,0.998131273,0.992476828,0.991108526,0.990538014,0.990691662,0.995397541,0.993613174,0.998762599,0.997936525,0.997116017,0.988018497,0.993274195,0.99425604,0.998990305,0.99251492,0.99132295
1.4E+13,0.991643135,0.998104693,0.994664684,0.989622578,0.998840382,0.999437463,0.999910864,0.999691223,0.992240614,0.996052024,0.998550371,0.998196387,0.987987588,0.986993568,0.997010331,0.999893804,0.997112262,0.987908696,0.999209719,0.999364961,0.99226407,0.99658001,0.987727461,0.999381594,0.999434051,0.996975786,0.997112688,0.987541108,0.989224275,0.996094672,0.994752112,0.998443323
1.41E+13,0.991969436,0.997617609,0.995935159,0.997334154,0.997519441,0.992645961,0.99826399,0.998657514,0.994203855,0.995086503,0.99717989,0.996836941,0.998144149,0.992589442,0.999837661,0.999375716,0.999739067,0.994587596,0.996224561,0.996513539,0.999091835,0.996659303,0.998366833,0.996282782,0.996115345,0.995587962,0.997407249,0.993335239,0.999774765,0.999286897,0.996089847,0.995878213
1.42E+13,0.993947356,0.998913368,0.995385016,0.994922168,0.99514364,0.998377252,0.994738808,0.994217101,0.99932202,0.998066,0.993453602,0.994557565,0.990009682,0.993554809,0.998022382,0.991115293,0.998040168,0.994564764,0.995752584,0.995996925,0.99190672,0.993396012,0.990104533,0.992698578,0.991723366,0.992640987,0.99981706,0.997940229,0.991602259,0.999208529,0.992254798,0.996032496
1.43E+13,0.984386949,0.998090498,0.997490008,0.996291566,0.994968226,0.996820315,0.997645722,0.997378182,0.988223534,0.997402235,0.998097671,0.998180381,0.984772575,0.991719863,0.993940283,0.996876439,0.993648275,0.992946531,0.99555647,0.996129946,0.991780204,0.998821805,0.984577652,0.997493806,0.998230176,0.999613035,0.991299585,0.994645411,0.985482239,0.992841038,0.992902646,0.995958198
1.44E+13,0.992412214,0.991107824,0.993281819,0.995438201,0.996611443,0.997398234,0.999006307,0.99850126,0.994340661,0.99105316,0.993948745,0.994867984,0.990178954,0.989436373,0.999183767,0.997683768,0.999978133,0.987457184,0.997691757,0.998183767,0.992806226,0.999585786,0.990160873,0.993707793,0.994185913,0.997145502,0.997117748,0.99305012,0.99144296,0.999812027,0.999089149,0.998367955
1.45E+13,0.994847157,0.999381453,0.995046631,0.995237303,0.99819926,0.998636768,0.999466105,0.999872184,0.999557463,0.999557882,0.996119432,0.997694702,0.995070936,0.999534414,0.994353924,0.997194755,0.994503109,0.99765531,0.997531266,0.99656825,0.999420846,0.998474588,0.995233113,0.997563115,0.997985535,0.996948343,0.997694283,0.998800205,0.995684443,0.995728445,0.995580516,0.997265158
1.46E+13,0.987479493,0.995340508,0.995659156,0.999107103,0.99004475,0.99190518,0.991920632,0.991454998,0.992112315,0.991691364,0.997509248,0.997962794,0.991298395,0.990437712,0.99547039,0.990180888,0.995776091,0.991768622,0.99282894,0.993574803,0.993891358,0.995444914,0.991237007,0.998514902,0.998248036,0.994688597,0.989938262,0.994232554,0.992499025,0.996567077,0.994690268,0.991684265
1.47E+13,0.989059875,0.996194616,0.996220837,0.989697451,0.999013586,0.999540921,0.998729315,0.998504978,0.991732158,0.998310609,0.999076016,0.998984867,0.99046821,0.988433959,0.996530078,0.997470703,0.996514678,0.984679458,0.999517198,0.999050628,0.989984195,0.994054927,0.990372489,0.999965455,0.999816452,0.995696837,0.999930909,0.988175521,0.990275936,0.995890787,0.995035075,0.999311591
1.48E+13,0.990561022,0.997094744,0.998220093,0.998741081,0.997767547,0.995258444,0.99833997,0.998852662,0.994565742,0.998532851,0.99782396,0.995451738,0.998473121,0.995517275,0.997103455,0.999638709,0.997264397,0.993038907,0.992025594,0.993326354,0.995762834,0.996706909,0.998378961,0.993116057,0.993899175,0.996439365,0.999081632,0.991338308,0.999785548,0.997683758,0.997527379,0.99270874
1.49E+13,0.995467439,0.998151249,0.997725442,0.997772571,0.995438915,0.998198791,0.994117697,0.993732414,0.998178534,0.996894501,0.996401312,0.99232606,0.991271103,0.994192522,0.997747766,0.994823778,0.998164478,0.993834522,0.998999144,0.998510912,0.995923006,0.993197898,0.991085909,0.996152444,0.995333085,0.994171439,0.998434019,0.999342685,0.990693199,0.999267858,0.995467439,0.999068596
1.5E+13,0.98365196,0.995357731,0.997913504,0.999353944,0.996581844,0.995464856,0.995267911,0.994818812,0.988533304,0.997456981,0.996200312,0.998719424,0.985759908,0.993362753,0.994236633,0.994375894,0.993637977,0.992784702,0.997458217,0.99705773,0.993402306,0.998414938,0.985604599,0.998130641,0.999458598,0.998717776,0.990972707,0.992740617,0.98612985,0.993173228,0.992094178,0.998979
1.51E+13,0.991553719,0.994640116,0.994804787,0.994470107,0.997176313,0.999266152,0.996446167,0.996091772,0.996156655,0.991743844,0.994554701,0.995256503,0.988055191,0.986918626,0.995416247,0.995389144,0.995747644,0.989156055,0.997603396,0.998767612,0.991767661,0.999275187,0.988118425,0.991848556,0.991904403,0.99999384,0.999505566,0.993452523,0.988384914,0.996346788,0.998318352,0.997363162
1.52E+13,0.995844743,0.999794119,0.997714438,0.997384129,0.997574865,0.999823589,0.998320618,0.998752435,0.996220072,0.99953421,0.997025579,0.99769561,0.996454601,0.998638239,0.996629374,0.998534276,0.997038268,0.999460125,0.997729173,0.998211743,0.997134863,0.999264887,0.996314621,0.999593559,0.998304246,0.998547373,0.998382423,0.99898533,0.996856946,0.997871201,0.998300153,0.998524452
1.53E+13,0.987796163,0.993969499,0.995072206,0.998966622,0.99341305,0.994810297,0.989293245,0.988778848,0.995387558,0.994674447,0.996309142,0.998346106,0.990560287,0.991884057,0.996748517,0.987727632,0.997221347,0.991310896,0.991439398,0.992176147,0.993450582,0.992327495,0.990614543,0.999090643,0.998594965,0.993569704,0.99128642,0.990887454,0.991435727,0.997984648,0.997113644,0.991776768
1.54E+13,0.988027759,0.997897676,0.999619792,0.992529733,0.997591477,0.997794796,0.997457693,0.996739166,0.994686479,0.999565709,0.996324804,0.999758456,0.990747123,0.987055602,0.99419649,0.997188093,0.994117198,0.984031921,0.999847104,0.999421759,0.991392826,0.997079928,0.990560488,0.999987394,0.999884108,0.994494143,0.999237957,0.991298084,0.991466424,0.99315024,0.993758145,0.999941851
1.55E+13,0.990628273,0.997555485,0.999182863,0.999848003,0.994072165,0.996569333,0.998478408,0.998836715,0.993363678,0.99571816,0.998545692,0.995113828,0.997722478,0.994742963,0.99572586,0.999355532,0.996205759,0.992638173,0.992123432,0.993090903,0.99741889,0.997486579,0.997763415,0.996251967,0.997812054,0.997565617,0.999058428,0.991935776,0.999099366,0.99659041,0.99506519,0.99366442